Dimension,Category,N,Clusters,Original (%),Pure (%),95% CI lower (%),95% CI upper (%),Delta (pp),Bootstrap seed
Forecasting model,LSTM,688,172,36.6,33.4,29.1,37.9,3.2,5
Forecasting model,PatchTST (simplified),688,172,31.5,29.5,23.8,35.3,2.0,12
Forecasting model,Linear (per-channel),688,172,21.2,18.9,13.7,24.7,2.3,1
Missingness mechanism,MCAR,756,189,31.1,30.4,25.3,35.3,0.7,12
Missingness mechanism,Block-MCAR,564,141,30.7,25.4,20.0,30.7,5.3,0
Missingness mechanism,MNAR,744,186,27.8,25.5,20.3,31.2,2.3,15
Imputation method,Spline,528,132,41.5,39.0,31.8,46.0,2.5,30
Imputation method,BRITS,576,144,32.5,32.5,26.9,38.0,0.0,141
Imputation method,KNN,396,99,26.5,21.0,15.2,27.0,5.5,0
Imputation method,SAITS,564,141,18.4,15.4,10.8,20.4,3.0,4
