tau_mean_anchor,tau_spline_anchor
,0.04634909188482108
,0.06573446989971728
,-0.03808953013005149
,-0.3516759926026794
,0.4331355457198641
,1.0028497380260513
,0.05070689774857112
,-0.16403496621881597
,-0.31355189092863295
,-0.13609753848990477
,0.004133894581495527
,0.042948584674048024
,-0.06086431122610589
,-0.31814424775077477
,0.39664469742360786
,0.9347869989117142
,0.02527709003401423
,-0.1318081782784681
,-0.30710265041156315
,-0.00025352632064126567
,0.04460497408978834
,0.06335900487036675
,-0.04443372460738593
,-0.25874566656161374
,0.5036626142754973
,0.8850456070278582
,0.05196103385241873
,-0.11158563799498263
,-0.16061814650336032
,-0.05698580252604375
,0.05180784517600477
,0.05786048898306202
,0.007918061463647513
,-0.19200328241233527
,0.39322368039583205
,0.8911882510013345
,0.04048869657773563
,-0.08109792695877054
,-0.3145136197776703
,0.10570895178390313
0.04634909188482108,
0.06573446989971728,
-0.03808953013005149,
-0.3516759926026794,
0.4331355457198641,
1.0028497380260513,
0.05070689774857112,
-0.16403496621881597,
-0.31355189092863295,
-0.13609753848990477,
0.004133894581495527,
0.042948584674048024,
-0.06086431122610589,
-0.31814424775077477,
0.39664469742360786,
0.9347869989117142,
0.02527709003401423,
-0.1318081782784681,
-0.30710265041156315,
-0.00025352632064126567,
0.04460497408978834,
0.06335900487036675,
-0.04443372460738593,
-0.25874566656161374,
0.5036626142754973,
0.8850456070278582,
0.05196103385241873,
-0.11158563799498263,
-0.16061814650336032,
-0.05698580252604375,
0.05180784517600477,
0.05786048898306202,
0.007918061463647513,
-0.19200328241233527,
0.39322368039583205,
0.8911882510013345,
0.04048869657773563,
-0.08109792695877054,
-0.3145136197776703,
0.10570895178390313,
0.04229046970940568,0.06332855217977076
0.11809854580643381,0.07883634385634378
0.662650279808287,0.06979725774402876
1.6444925184784545,-0.06906954426657931
-0.37113674385841344,-0.10879917184264971
,0.5343071305016344
,0.9986291558957491
0.02880451702374544,-0.042280598987669
-2.1987662291083914,0.08047374001189521
,-0.2746327321879557
0.533716716559003,-0.05061827686739729
-0.01783358094980813,0.09603598904681077
0.267362169757546,0.09909850148259679
0.7469676279219227,0.06351051637850731
1.4511627906976732,-0.06765558640966995
0.3049220744915008,0.11842650103519442
,0.3542187199692495
,0.9339365047392044
0.028475504485891277,0.038856095765932325
-2.1628290653468265,0.11225466111556455
,-0.2630011026927046
0.6458169213801748,0.08219563687543939
-0.015080362801425386,0.2943017342547908
0.23593196972308,0.10653802015270404
0.678608723592254,0.06688680567579351
1.4809085992428315,-0.012455080039202858
0.22805318305891328,0.30864389233954714
,0.5018835287334238
,0.9070399838855882
0.037242096623552885,-0.010528845431742024
-1.9951223011261776,0.11475438097454597
,-0.131496105004802
0.4390263116432918,0.006313461345128798
0.00603630092154885,0.2432955187551605
0.2386627251879055,0.10309852801676962
0.5894449353361707,0.097450674845614
1.540977104741297,0.05334245344658586
-0.07396319450559641,0.1204968944099377
,0.3655006726888323
,0.8834167030360002
0.022341012651062992,-0.036558073867134354
-1.855462305430035,0.1321231241326402
,-0.1447195247750152
0.3086497557901444,0.13160751985523342
0.10287976739150623,-1.0011463194956205
0.1326520054720823,-0.15777449267571678
-0.03062060149274615,-0.05847294399825658
-0.07629192208263755,-0.9582730250628486
-0.024473576707394147,0.0015324979716941436
0.19992496114059088,0.31194875127657645
0.3391309663910503,0.637094136883907
0.5007305194805225,0.9418734167233445
0.0461478041906346,
-0.05918614998786576,-0.2591233913923899
-0.5756308406539518,-0.08003779909424738
0.4829817322407536,-1.045142938415585
0.006818292289540844,-0.04560713993285621
0.08422522905721562,-0.09491811776451053
0.011618384345475472,-0.25867645455536614
-0.007911050397281703,-1.001504532642646
0.0635050321238915,0.044566393220950656
0.21050186703828658,0.29991644229876496
0.2979259961179293,0.5586700926574794
0.3168019480519473,0.8597401701313935
0.0943239309723472,
-0.046711431113988816,-0.20898325727450107
-0.441598463170111,-0.18726598438112943
0.46771662695414734,-0.6874128857914945
0.03748514160218831,0.1765332023253853
0.06549254486302561,0.05623284120797818
0.046047418987569574,-0.2913653377911839
0.029162812010963678,-0.8929306010512702
0.0899221351555446,0.11986162444785017
0.2085008307873729,0.35028316776529556
0.25234987543749643,0.43594175815619407
0.5515422077922075,0.844545642724074
0.05403469863931441,
-0.02177817328695018,-0.1930329131755422
-0.5161187041002122,0.15613522091074425
0.5690319831076499,-0.9762195989190711
0.045244649872074175,0.17342176369441972
0.05791095221124965,0.057691938487531166
0.049130119246569605,-0.10455354871534023
0.07022246046636257,-0.7696160585053702
0.06391354402644085,0.09387676913368773
0.12467170499008463,0.2536718967598177
0.29677971541671044,0.36983570816787437
0.3547077922077911,0.8260391716197961
0.037789636611454014,
0.009821211876060386,-0.16355339036522892
-0.6423468673083462,-0.02241201012730362
0.6632959454485562,-0.7130422415019178
0.03590169989312103,0.028161314070406448
0.07343205801190537,0.07977389681764524
0.07627202289887973,0.1936030554958435
0.09875166984226984,0.5664703121912663
0.045036043775445345,0.05293341796198022
0.11310926902788204,0.18919738619757906
0.2644648506829231,0.36304621294086603
0.3736298099742577,0.6875187145123873
0.04647194221763625,0.042988156557292705
-0.007716145455048466,0.11990199773840973
-0.1824082495272615,0.11495702740838885
-0.0043951293320851235,1.0969451671966806
0.017833978948946068,0.027984257496171505
0.06961148888298309,0.09157834890738674
0.07031782065834279,0.20490619047857114
0.09727948237161518,0.5286504643351119
0.04339259701938531,0.03654787145448729
0.16127204220045185,0.2172332662420616
0.22984798209738413,0.3160981720858723
0.3666162239433553,0.6500505116932472
0.04451063367602263,0.06033265188806018
-0.0008784854081501569,0.10601206181681107
-0.1568640280567682,0.1837986915807925
0.049622759976532614,0.4667052134528338
0.02657164727440778,0.013210905442470784
0.0687542586757092,0.07319926527399162
0.0742733060257613,0.19606264966280565
0.10783924682161984,0.48849659158269115
0.05478000224106372,0.06800001800609486
0.16601657874905829,0.24629389653239214
0.19313218612547242,0.25379068286647577
0.3443022989596887,0.6140542839792583
0.04747452805360493,0.043783810535372725
-0.006294659223750693,0.07966453071994009
-0.1313263496757896,-0.06490785479112428
0.08638950933064435,1.2853425845620228
0.03636026243337909,0.024915276876100952
0.06641036349358279,0.07345437847136183
0.06410452548980923,0.12174991126464181
0.09184814053029054,0.3865960284528753
0.03821013707839973,0.05110129778930181
0.12608289374528997,0.18959717665223708
0.19610052215963114,0.21975348266561748
0.3061128762962016,0.5979800919564676
0.03529937630806127,0.031030505145102253
-0.004267917297862128,0.05845583616032174
-0.22800704036431899,-0.031855304228844986
0.13288318425576123,0.3601233497157176
,-0.02295443492260481
,0.030832385948925435
,-0.029528278442895267
,-0.37578269478917037
,0.46765496047469035
,-0.3885180240320429
,-0.10158965222019095
,1.5536651430506163
,0.6038620013388769
,0.2383147414031531
,-0.11023159871874419
,-0.019698223045992194
,-0.04990084150720884
,-0.24310663677610023
,0.39795898645122646
,-0.4408398873568119
,0.04140037485248863
,1.4077750588669828
,0.8354500796726351
,0.23600995667004743
,-0.0914781398312903
,-0.023697143691304812
,-0.16812115364937344
,0.5798452746939093
,0.9072073290941058
,-0.015634291099617323
,0.959659393294305
,1.2586684519137525
,0.3022562913095538
,0.26045219876463493
,0.04130121249727505
,0.17247114716824197
,-0.2296384004054051
,0.5645987072528232
,0.6738823711320274
,-0.2911613243428214
,-0.13152694541499882
,0.20714252735583275
,0.6249917498750683
,0.2960150271964598
-0.02295443492260481,
0.030832385948925435,
-0.029528278442895267,
-0.37578269478917037,
0.46765496047469035,
-0.3885180240320429,
-0.10158965222019095,
1.5536651430506163,
0.6038620013388769,
0.2383147414031531,
-0.11023159871874419,
-0.019698223045992194,
-0.04990084150720884,
-0.24310663677610023,
0.39795898645122646,
-0.4408398873568119,
0.04140037485248863,
1.4077750588669828,
0.8354500796726351,
0.23600995667004743,
-0.0914781398312903,
-0.023697143691304812,
-0.16812115364937344,
0.5798452746939093,
0.9072073290941058,
-0.015634291099617323,
0.959659393294305,
1.2586684519137525,
0.3022562913095538,
0.26045219876463493,
0.04130121249727505,
0.17247114716824197,
-0.2296384004054051,
0.5645987072528232,
0.6738823711320274,
-0.2911613243428214,
-0.13152694541499882,
0.20714252735583275,
0.6249917498750683,
0.2960150271964598,
-0.15403476327518686,0.5254270439431479
0.0647825337699004,0.03932696070952381
0.5253166251640036,0.05589634503285591
-0.8806922660897744,-0.4472649869323746
0.02157259839746847,0.48628364389234163
,0.8637132423601777
,0.276932890186994
-0.058730506891574365,0.080370687454002
0.09812782440284325,1.7285735219328844
,0.6356845587450645
0.14613203088072652,0.22655071880969094
-0.10081973174304674,-0.1496066414569479
0.20630459853917837,0.036849332333879346
-0.6845529761426641,-0.14761268726244378
0.5272038939967546,-0.13405035119242062
3.889231311085647,1.3055900621118022
,0.48593119354218595
,-0.4773726793567664
0.10323210596326374,0.3039096411781491
-0.06850297683092528,1.5851757992638735
,0.7428591754704235
-0.20505750748385265,0.17972252940585123
-0.29764885559630594,0.7710479419307176
0.20584063523204782,0.03373488381349107
-0.17099097651752482,-0.16856299520970905
-6.387596899224791,-0.4065664815419793
3.0928942502421237,1.6916666666666673
,0.3907937728233697
,-0.011794854578619306
0.6968697817903939,-0.15602517310263106
-0.17710350763934135,1.4312016756742763
,0.29067513250097743
0.08602489365054225,0.2381924198250724
0.13999335071843413,-0.3715825618290074
-0.8273128570860451,-0.07768210734399575
5.524245588668431,0.6562368596799326
0.1483324319451935,0.505666040509637
-5.775028616712125,1.9273291925465859
,1.2297520661157029
,-0.2782813531630129
0.04783417768092114,0.6299583952898055
0.025823111684952042,0.22893124046443042
,0.589095791982357
0.08106191901686301,0.26858349251030517
0.0003888591843677592,-0.45549823958077224
0.018910871739455413,0.07065102616775812
0.022744069297503722,-0.17218446778355262
-1.869290426332125,2.914013102765292
-0.30606206905089034,-0.1754935544938248
0.4529488485108359,0.4600129978646365
-2.03830105916337,-1.1293000077863438
-0.09285714285714113,-0.3526135769977624
0.09117748977753153,
0.15302969015451742,2.823915244537704
-0.1309507133852278,1.2585850301322952
0.18676507622866673,0.31400938700042685
-0.014971078598162409,-1.8753786948333726
0.09161139020773225,-0.3914796398333567
0.1931647946309086,-0.7132499909147066
0.2317894536619947,-1.2891749828597543
0.25420581572399414,0.017905435860453255
0.7245537867824392,0.5676724538111589
0.008589463387795362,-2.1877910145604638
-0.2704545454545456,-0.42014864318735157
0.18702150761198524,
-0.04899279993527893,2.7289321926954164
0.033037840433835626,1.5504047355846362
0.014432110962592651,0.5613710709714133
-0.25247124430520174,2.8916728076639586
0.2168025107199922,-0.8269817804826536
0.3156538587018041,-1.4883889958934466
1.9737768132732723,-2.4906109545212143
0.257374877755908,0.20675200576940464
0.19804898965535708,0.5386964998607362
-1.2502254352045739,-0.09742272054815927
0.261120129870132,0.01797419443869487
0.003192644442904324,
-0.045222878407897384,2.4411803548107827
0.01228663478278276,0.5606211888884919
0.0009879700122047853,0.6414450291565902
0.16065628825070805,-2.1703103250634452
0.11693126559141023,0.35797799834891514
0.04232554113706997,-0.9718537631282476
-0.05917292778032319,1.9385998324064904
-0.6416236491254127,0.5745965924456873
0.8782941165960939,0.7801039829170917
0.01704137309144399,0.031051934906175412
0.15499188311688383,-0.23698139988763053
-0.8655762700117825,
0.05366879702289293,0.34632936653509233
-0.01668901206651593,1.1967335877045941
-0.0019178241413392069,0.7334945242497526
-0.0559481984915611,-0.08039300346968739
0.02431816229026337,0.018951266090353736
0.002924048758821477,0.03621902386106321
0.11220734215636091,0.6189303003359021
-0.05054065663168104,-0.007540052307706079
-0.0852871137905043,0.04617809515931917
-0.059232965506597846,0.2553799483359306
0.6927312221843751,0.15334566508928393
0.06200993395465817,0.1965912508518068
0.788437195210525,0.16370775223017944
-0.03654969803641871,-1.4886689186300122
0.03151729745864778,-1.6977931964922497
-0.0762213019250706,-0.051023355936520715
0.04842051837449954,0.10454174380803807
0.08198687262498172,0.2172991456409694
0.15135965297572704,0.5609686820786406
0.2330566242109587,0.1394166925504287
0.24972418990203443,0.2849678789048497
1.1454073102348432,0.4224184789642337
0.6414080779088799,0.1015243057790416
0.0586805134910458,0.07289560943668486
0.8047514301327413,0.31244503078276176
0.018693606747233898,-1.8332834480694475
-0.020616964993360742,-2.166618483183974
-0.029488961489668196,0.016438305102646104
0.14074960685304597,0.27623292563814755
0.04075901890144607,0.25506291461908775
0.7454357644621213,0.9173829282750441
0.15717327157957603,0.14054207349187675
-0.1624717407686505,0.09185070813458691
-0.7903027496977649,-0.4041911052901321
0.6908717284357361,0.338428344755599
0.38775633822233185,-0.08270613719511037
-0.010911895522491367,-1.047392888553839
0.02797170768093297,-0.5939624577756885
0.006371393575082971,-2.1183386335164314
0.0036952646726631515,-0.0241666692552131
0.1310323329649973,0.09689199236118194
-0.11994028524897614,-0.007393780026295701
0.5882691497965898,0.6128482513337287
-0.10233257386172631,0.36419578027162197
-0.12655312735493593,0.06375508928653459
1.0057154615839698,1.0165863405997795
0.6831098776531292,0.19709075034350743
0.03968360061993222,0.18052589301689928
0.005571810994210014,-0.1589898228420657
0.042425392421793294,-1.278530807713691
0.009479892540631264,-2.386624265201902
,0.03643361451642671
,0.01801726082782963
,-0.06940119964721995
,-0.3204098258299684
,0.23247453565008963
,0.13010624810671942
,0.056991461693315204
,-0.09115533188666768
,1.8857428411982826e-05
,-2.2923388955471538
,0.015747371245534818
,0.01460225337408929
,-0.08852636349018388
,-0.2624978444303053
,0.2819343242041791
,0.11453366393286295
,0.11080824675474908
,0.12985364051895254
,-0.08460385257262465
,-1.845418087950584
,0.0073873450837679076
,-0.0018490584399784749
,-0.0808129534612893
,-0.17871308029422797
,0.05052281644407519
,0.07961315367268454
,0.09642501793275826
,0.22213244686581365
,-0.40294553031803004
,-1.6567368857748663
,-0.0034337319089702946
,-0.01255413361880204
,-0.07450286755641275
,-0.21665110692220305
,0.18740215311467254
,0.01953304686360517
,0.07669667029178306
,0.12343598504086027
,-0.2807871090619361
,-1.359120033188899
0.03643361451642671,
0.01801726082782963,
-0.06940119964721995,
-0.3204098258299684,
0.23247453565008963,
0.13010624810671942,
0.056991461693315204,
-0.09115533188666768,
1.8857428411982826e-05,
-2.2923388955471538,
0.015747371245534818,
0.01460225337408929,
-0.08852636349018388,
-0.2624978444303053,
0.2819343242041791,
0.11453366393286295,
0.11080824675474908,
0.12985364051895254,
-0.08460385257262465,
-1.845418087950584,
0.0073873450837679076,
-0.0018490584399784749,
-0.0808129534612893,
-0.17871308029422797,
0.05052281644407519,
0.07961315367268454,
0.09642501793275826,
0.22213244686581365,
-0.40294553031803004,
-1.6567368857748663,
-0.0034337319089702946,
-0.01255413361880204,
-0.07450286755641275,
-0.21665110692220305,
0.18740215311467254,
0.01953304686360517,
0.07669667029178306,
0.12343598504086027,
-0.2807871090619361,
-1.359120033188899,
0.0277503610352101,0.07276046420654622
0.1328790911621623,0.04675652906486952
0.33285136691032796,-0.007469885478245734
1.1771407968271093,-0.1083949281280627
0.022100906929642013,-0.3153726708074541
,0.3144532000768789
,0.15792124080974942
0.08499136784309282,0.1758662641373403
-0.7076967218994293,-0.01706705283028704
,0.15658236403087503
1.3893177879313068,-1.8224992460038192
0.011631047989111758,0.03296822706132896
0.0861911263703489,0.03251431186939883
0.40404851795324886,-0.012688911424967104
1.5752298539751153,-0.0023225661548518356
0.05327111032843347,0.1000000000000023
,0.291793196232943
,0.08951891764863862
0.07796535816375606,-0.028627645353640343
0.058173732156947655,0.1384672407402614
,0.23926653149788343
0.48369308334646627,-1.548185382527394
0.021204974493771653,-0.05041943756248195
0.13393957872131645,0.032126249593695394
0.535304040485181,0.014045198578578288
1.2502614025599408,0.023593188500490102
-0.17997710663027025,-0.17815734989648033
,0.08495098981356866
,0.08167992748514455
0.0637895168822348,-0.0421304014779444
-0.535112258804966,0.31312870109384255
,0.20285099420197086
-0.02182133291319388,-1.448094902985824
-0.018041370998742607,0.057678097970182765
0.12390471519280985,0.02158886626113602
0.43537633544862864,0.0039987797538071955
1.3834505137912319,0.009882391375367205
0.09967420973848866,-0.0002070393374743271
,0.08610417067076545
,0.010977943398126811
0.018106302889649744,-0.1720512473903183
-1.1778925471630473,0.27981346918017763
,0.43570590118450575
-1.4818024263431557,-1.3747763144666727
0.032863019933452184,0.10259559485793836
0.044684837964293546,-0.07105419778447616
-0.05052166212806219,-0.12092524621143226
-0.1249340745800228,-0.7509903252837652
0.08655500674663595,0.007301902100424118
-0.1341230279966406,0.04197381858694637
0.08251692674502033,0.33658802460484394
-0.4210227272727271,0.06317828311204435
0.09263289209231404,
0.07263166410484699,-0.23969537337305163
-2.584315530386406,2.302678030167952
-0.741829875438289,-4.569079789503622
0.007189476056437564,0.17432244329812388
0.02612459333003795,-0.023883118628449
-0.06427729654511197,-0.1547043645746259
-0.16851834239717778,-0.4695094080901965
-0.006214332578205302,0.009296403137113728
-0.15227528541566146,0.05629932225420118
0.15986794846322014,0.3202055594487269
-0.6229301948051973,0.024977575381218326
0.07046457365952784,
0.6496723566054514,-0.34157507813761046
-1.9940367798611247,1.616713618371785
-1.272098564537688,-2.6872706585122983
0.01284560964724283,-0.0937525587488745
0.00045409084116046803,-0.009541728262330816
-0.05634749955057865,-0.1475814950757706
-0.019245899655025895,-0.529976384550927
-0.030279397383048044,-0.04331560443522962
0.23365671508459757,0.1456874941973821
0.11166302404132784,0.3799890991201439
-1.9095373376623406,-0.16194517550344484
0.06366807586573345,
0.5553595987379637,-0.08007454254647806
-2.106897724771376,1.1152872374567622
-0.6324945274210096,-3.160716825487123
-0.009880558366437746,0.11602390894947992
0.026797107613781693,-0.143989863113638
-0.028010626327458425,-0.20138459861176633
-0.08844813722862468,-0.49904776415022484
0.0017825973929517214,-0.011178220499413973
0.05974522520590835,0.12106582490019432
0.11384859924498378,0.24732539126372302
-0.7627029220779201,-0.07546007432159349
0.0424192020699055,
0.2988269557479174,-0.03562781552187261
-1.8453765033117855,1.1132724744142912
-0.03442397473896336,-3.3042810411036787
0.03169434397900253,0.028183057860224698
0.04537125661156282,0.0679074886656851
0.08445689187188474,0.2423100188468903
0.10867530390372004,0.5542321181584663
0.047081014454861146,0.016835698884072353
0.10709871891484564,0.13690755190382972
0.07688350438562609,0.16130785676939097
0.010738157593491263,0.07028541205508441
0.0650114253010891,0.07160885802715886
0.25997634314885143,0.5466390250031418
-0.3813508862614748,-1.2460982597169385
-1.3584140479449927,6.451382865953576
0.012324091305689918,0.009787811673930174
0.03852740239265138,0.05823869848535646
0.06484479099837141,0.2221983372743495
0.09426846519912407,0.4647302904564319
0.051371717775370626,0.05550378803224895
0.08151921627731741,0.12916907919527254
0.06460375028937453,0.1173053926313992
0.015250082364962943,0.06477809835368245
0.09516001687686151,0.08228737194348956
0.24829317894125183,0.34498680738786264
-0.4357108739604671,-1.2318382007098008
-1.0885201692176252,5.240917413510665
0.011214262900863036,0.014049594478319886
0.03047063736764388,0.057097978045687066
0.045588017568967985,0.17527108027175506
0.10359534837226345,0.39674100968188114
0.03389608934374177,0.026387932315088562
0.10147400150715902,0.08936005955499192
0.03323301695089652,0.12193859326710528
0.11783494619753052,0.09876785049658186
0.08915494546350809,0.08317439288555904
0.3316628276162608,0.421083050634502
-0.5736588302264566,-0.9607474237824466
-0.7807067203277293,6.544955189361107
0.0007315589163650113,0.003817588240958404
0.011177962189953396,0.030730206860358298
0.038673937718995334,0.15478945973914285
0.07315802387609402,0.37409232365145234
0.026080379486796302,0.020031780757786305
0.05397437829691022,0.08569761136691582
0.07863261054093733,0.12278240522645749
0.06956628564727678,0.04460700223594685
0.060953041385907916,0.04800191870624417
0.2393907323248046,0.33405578590275237
-0.32189383182951337,-0.41510240732030945
-0.5438946815847169,6.273296713886497
,0.07831068206271835
,0.05418230626692635
,-0.021875674250233824
,-0.13239478621752257
,-0.4525961249874948
,0.04544452053999466
,0.02120678997670115
,-0.23420626349892013
,0.026284536267282155
,0.14458242521495462
,0.2003980164426464
,0.22499415349483434
,0.06413084640214478
,0.06765809854135989
,-0.010080790161340523
,-0.13075460679183395
,-0.4451595691466304
,0.05298958780717111
,0.019130489911717837
,-0.18393836185412876
,0.025427431823783903
,0.15434819054918208
,0.18729609813389034
,0.22917612424855202
,0.061966903698538654
,0.04948448710029919
,-0.03976578045213707
,-0.15717143602678954
,-0.44856104311868467
,0.021950341849585896
,0.01948710633509255
,-0.061918508057817484
,0.04442938131624351
,0.12679927190860538
,0.1877202140153984
,0.25221823284222694
,0.08587245962143004
,0.011747517460921003
,-0.0732145853810563
,-0.15944532113967633
,-0.15630106379431083
,-0.04338994068416369
,-0.004588464647425198
,-0.027049759096195645
,0.005484348040424003
,0.10747131942614897
,0.1936186871982251
,0.2340940668289932
0.07831068206271835,
0.05418230626692635,
-0.021875674250233824,
-0.13239478621752257,
-0.4525961249874948,
0.04544452053999466,
0.02120678997670115,
-0.23420626349892013,
0.026284536267282155,
0.14458242521495462,
0.2003980164426464,
0.22499415349483434,
0.06413084640214478,
0.06765809854135989,
-0.010080790161340523,
-0.13075460679183395,
-0.4451595691466304,
0.05298958780717111,
0.019130489911717837,
-0.18393836185412876,
0.025427431823783903,
0.15434819054918208,
0.18729609813389034,
0.22917612424855202,
0.061966903698538654,
0.04948448710029919,
-0.03976578045213707,
-0.15717143602678954,
-0.44856104311868467,
0.021950341849585896,
0.01948710633509255,
-0.061918508057817484,
0.04442938131624351,
0.12679927190860538,
0.1877202140153984,
0.25221823284222694,
0.08587245962143004,
0.011747517460921003,
-0.0732145853810563,
-0.15944532113967633,
-0.15630106379431083,
-0.04338994068416369,
-0.004588464647425198,
-0.027049759096195645,
0.005484348040424003,
0.10747131942614897,
0.1936186871982251,
0.2340940668289932,
0.019611460319957932,-0.02867271864245876
0.016059505919490288,-0.020483100588077844
-0.02471156750226524,
-0.7509049664559085,-0.04101569463558664
0.06064803661768106,-0.26968727865896863
,0.03928817839801112
0.32041368644887136,-0.005516229281767959
,-0.2601912160784608
0.025465204320457624,0.02499960206923995
0.10156022944550673,0.06965964890471417
0.15853269198024852,0.2667476219388787
0.6653794394710675,0.3088245121625233
0.011312738903613857,-0.03213381590918083
0.01776573758912664,-0.03005858007366633
-0.036405919661733635,
-0.7948742699937266,-0.03263714088092469
0.06564683208865355,-0.2631194865961233
,0.04967650389887635
0.14807655132418696,0.0076139502762430375
,-0.2005837348298694
0.015340019852506853,0.009607640270592894
0.10250605481198215,0.06406556620108507
0.16811042056870432,0.21770221952371363
0.5253057164589569,0.2855464225251717
0.009535797900767994,-0.03359242118587079
-0.008560225327221525,-0.06419897869142693
-0.05478103292056792,
-0.8414981418022099,-0.056068568657791404
0.05046976632136848,-0.2707175205511788
,0.012054623325565722
0.22694761260390725,0.0009582182320439587
,-0.06936143272563419
0.019507422361067936,0.005345005968961356
0.06982281708094326,0.027575275930349207
0.23231312787331818,0.11704783107333198
0.39503247323152574,0.2794039026998129
0.026906413536221065,-0.021597246944345474
-0.008231768464071762,-0.02738291101407878
-0.0713621262458471,
-0.5365123799411179,-0.10373719150878147
0.008190797398215427,-0.09767980940525042
,-0.05518309749144058
0.14160061859655895,-0.0176450276243093
,-0.039337718498170506
0.001946682418757955,-6.366892160770394e-05
0.07155640535372859,0.04492581180795445
0.2648241954707985,0.08076974971328318
0.24735240769995923,0.23661788291900568
0.0467375309988578,0.004777120945837893
0.04481638201935291,0.03081294676552858
-0.033145988103005536,-0.052892440486816114
-0.1986021537375805,-0.34210420005117015
0.05391041316239531,-0.09686898167450922
0.13592479674796773,-0.2692727556271777
0.24322509283400506,-0.31436589443515645
0.2728538440641131,2.545374162323156
0.028969643615342964,0.035098262348323035
0.05965860583560598,-0.3138711121645464
-0.0145755378526774,-1.4560091000568733
-0.4004974696675321,-3.5258274048871034
0.03536013555461806,-0.0028758587633807256
0.05298034456619611,0.03103494205922833
-0.02515233723667688,-0.05155884113366443
-0.1859501145740779,-0.3055843578729079
0.06827144613905886,-0.08456926161971128
0.15082496413199406,-0.2873109112647504
0.21046324826841567,-0.2700620969668019
0.2709097392013043,2.3094285182427408
0.020995882625615,0.010881100640591113
0.0630296170901978,-0.3386268468041397
-0.006700091416501296,-1.3074769217307596
-0.4181553503779738,-3.6526102347321046
0.03841971853208614,0.0071257389359322895
0.027278453758305347,-0.005922834435909967
-0.01668936939824413,0.02374226879902508
-0.17380823828007091,-0.20986789835849248
0.08413077586328721,-0.07444358409275917
0.15054100908656137,-0.42532619431304364
0.21960180137473329,-0.2829790621765784
0.2871587204563978,1.8516381236038735
0.034886665082561705,0.013105908527151579
0.07343535805408259,-0.16128097758815924
0.036237274084841314,-0.9794811217570087
-0.35256156760257457,-3.3744028594013153
0.049423241168541195,0.0009825850774887342
0.03662750764259362,0.0738267548727966
-0.0278537715151306,0.05162184582751447
-0.10872846156135352,0.0011984756467056156
0.039464570935870275,-0.01881192050350407
0.16547106647537013,-0.7698705619379315
0.22481630718179668,-0.35132553140673506
0.05516503667481668,0.42363179448994903
0.023921282969183996,0.06600263396795762
0.12664464858061422,0.2109767980827487
0.08766899277185057,-0.6227413921336991
-0.217986852587358,-2.4768532838436963
0.03768379545096712,0.011605923342258923
0.07186451902598592,0.08479434385897872
0.09665556784701153,0.1963630313785594
0.11175833272466107,0.346199276961808
0.06797442762690561,0.005432714073373675
0.1473796364120662,0.28454725793099117
0.10123207432841837,
0.27134731571824094,0.6464673703675163
0.03160268665036253,0.03447098563633398
0.1291421689038209,0.11695511214873779
0.16712319240918097,0.11882097765654158
0.25199354128705187,0.3034193632909736
0.03635607379782445,0.018527807144124893
0.06908004485261102,0.07011981951073336
0.10205528964633466,0.19638319754779376
0.12134492245514082,0.3634161764881343
0.055033422581644044,-0.00506011642674845
0.14420989545182092,0.26695927898658206
0.08767521712785317,
0.278884003998337,0.6222975575930348
0.02680565751096212,0.027548991763703456
0.1319207830832052,0.11421873966180514
0.16882309080161806,0.14200740677596854
0.27093669378845,0.3504781868203851
0.03732660307702427,0.02151031337536364
0.040665865607730306,0.03421739489192804
0.05770199669225969,0.1396910542873275
0.11180093979012982,0.370073854891246
0.0662258892956669,0.004379023954422937
0.13771059465938584,0.2934818262757533
0.11718036760250466,
0.2782824842764513,0.5307111487787967
0.016559956975908865,0.0015288209950026482
0.09390236816109623,0.06793670898040588
0.19697186281819964,0.2104016897299654
0.26232206967471905,0.28156688064981017
0.04668175334456602,0.02152574678406347
0.024127092431999918,0.03317945132305225
0.05583728546237178,0.1643946115995807
0.10355342926009788,0.35609034398005096
0.03776660656066163,0.014451179692226437
0.1319970699873477,0.3680042486059266
0.13564128458897187,
0.28075490725096647,0.5091455427999078
0.004908907478576231,0.00459854852647026
0.07854603466400438,0.05571519041182666
0.23354285868821933,0.29149736216482475
0.20776579047069232,0.1576182366042187
,-0.00918473458641646
,0.0062538604076590384
,-0.14013017524512733
,-0.3042160066601226
,2.0932070563911034
,-1.016100012768575
,-1.297219976859556
,-0.3371614886193722
,0.0648934501534946
,2.395037482338994e-05
,0.00863238940362758
,-0.2725365578528883
,-0.05451933422696167
,0.025906304936570392
,-0.3214225780931605
,0.13132618447048294
,0.23353453163037358
,-0.997655225249277
,-0.1350704515556401
,0.02731973749792378
,0.05893853496762053
,0.13206835436974584
,-0.2969463656531384
,-0.46080090242526783
,0.09126428352458181
,-0.06173088801254343
,-0.12832929782082317
,0.17277177897339696
,0.2984626671557681
,-0.9087046860671626
,-0.26365048420585474
,-0.6108365176939693
,-0.08281981759921138
,-0.050553253658419624
,-0.05569620253164549
,-0.23375703300180198
,-0.7767412225074084
,0.7613971112272532
,0.4129947498381799
,0.01893040420482341
,-0.6424450595257959
,-0.05817827252782986
,-0.11703358534227253
,-0.06504402724705095
,0.08384498173751323
,0.27141762268579495
,0.2022054025838442
,0.27206195919827236
-0.00918473458641646,
0.0062538604076590384,
-0.14013017524512733,
-0.3042160066601226,
2.0932070563911034,
-1.016100012768575,
-1.297219976859556,
-0.3371614886193722,
0.0648934501534946,
2.395037482338994e-05,
0.00863238940362758,
-0.2725365578528883,
-0.05451933422696167,
0.025906304936570392,
-0.3214225780931605,
0.13132618447048294,
0.23353453163037358,
-0.997655225249277,
-0.1350704515556401,
0.02731973749792378,
0.05893853496762053,
0.13206835436974584,
-0.2969463656531384,
-0.46080090242526783,
0.09126428352458181,
-0.06173088801254343,
-0.12832929782082317,
0.17277177897339696,
0.2984626671557681,
-0.9087046860671626,
-0.26365048420585474,
-0.6108365176939693,
-0.08281981759921138,
-0.050553253658419624,
-0.05569620253164549,
-0.23375703300180198,
-0.7767412225074084,
0.7613971112272532,
0.4129947498381799,
0.01893040420482341,
-0.6424450595257959,
-0.05817827252782986,
-0.11703358534227253,
-0.06504402724705095,
0.08384498173751323,
0.27141762268579495,
0.2022054025838442,
0.27206195919827236,
0.014535648691981526,0.03404730825521144
0.0518380504195818,0.095532771253067
0.0027604953186347635,
-0.45890245668227336,-0.2813625311076091
-0.05402312695736,1.3279817990599025
,-0.18032466771678107
-4.510728784071152,-1.0102123618784524
,-0.2398141491313727
0.028670430117349016,0.008085953044170273
0.023788400254939397,0.041409531251387306
0.3532053465009365,-0.5374586790798089
0.6307413258440133,-0.10059141940657579
0.016309876807800067,0.07457181282385988
0.0010318777559129332,-0.022811501961208392
-0.15618242222893378,
3.1675756551957157,-0.31725126391374725
-0.18844856661045584,0.08314910605052445
,0.07590767668615057
0.6464334042141938,-0.2048687845303869
,-0.3176740742330433
0.043643036499787916,0.03495105451651418
0.0623734862970045,0.010695353359557545
-0.0847096884045635,-0.6333063482425954
1.2802352115148363,-0.1293827408001423
0.05593701761477562,0.026877892488430304
0.031589992820456145,0.12104271392543424
-0.02807610993657496,
0.5390221535788415,0.11866171321814914
5.069441098530455,1.9987336610074888
,-1.0730307093481912
0.7791416972743154,-0.35678522099447524
,-0.41155451589711683
0.00038365273946324086,0.04766573816155994
0.06396175908221804,0.1488736358873725
0.06969393836199528,-0.25441880860824323
-0.45866245392311905,-0.27656932192818334
-0.24862795738597054,0.18578181242830583
0.16605383785857755,-0.40461239802569776
0.2955904560555723,
-0.2815772962015546,0.0633276050171491
0.43405203565405875,-0.2588053486724904
,-0.12885168647565012
-0.9112700560603207,-0.046098066298342136
,-0.03062461772879963
-0.23721309778273075,-0.4196609629924393
0.1475283620140216,0.05566556264928651
0.19146943640388167,0.21922013087769018
-0.7650810368029974,0.07463467878463885
0.011281354722974018,0.03848058795334731
0.003135331736603638,-0.0015273276206544909
-0.042963488665804316,0.12727998235868562
-0.21146250940612793,-0.010422698320787448
0.02441092908533231,0.640260488017948
-0.23795432807269226,-3.7227218381244476
0.34879249953912206,-3.7851086696919025
-0.7053110567780496,-2.3552680565897233
0.06659083738124083,0.07046503599329983
0.01317670245825268,0.07102788970530159
-0.08187738832707826,-0.688760554753467
-0.8187731756102317,-3.548097742035264
-0.05327516009645229,-0.05162166480268388
-0.010978999327380608,-0.06612795808728839
-0.01265248032111959,0.5283363610588991
0.31322299644161383,0.7074776800743319
-0.052765488289256236,0.032461730895228955
-1.2502989000478237,-0.11888548110412138
-0.08964736246082511,-0.20372581800812078
0.07013209725618057,0.2620067014147415
0.06150741867503916,0.06737076295567034
0.054326456340281784,-0.2876142319138295
-0.047224288399189275,1.6272039200244979
-0.5114366442576068,-0.7644430697322757
0.014203736670062412,-0.08820897907013898
0.0354957987978262,0.1808640056830795
0.12186978934154434,0.560237737711459
0.002070410978705016,-0.3679185575200981
0.9641256873082952,0.7659677963746103
-1.3949964131994261,0.7827623849872648
-0.5067419873061019,0.10377358490566028
-0.22071957348546595,1.527689873417721
-0.007272599788872602,0.16516001994655355
0.12586409604698923,0.901819809854889
0.096816320968447,1.1194382464890384
-0.13638577970346658,0.3501391896071772
-0.2694388134854892,0.40476114395270807
0.4203622180069824,-0.08953514185499276
0.1896841840180401,-0.20157301718978052
0.12961112835272653,0.3695075477033707
1.341625793319857,0.7509976770504491
-0.08833990913438541,0.04673285855382767
-0.17296094387822294,-0.032501393201178154
-0.037574707959793424,0.08553611317944926
0.013138981836029618,-0.14824380825736155
0.5993618983037619,2.0417950541202514
0.20923022763276664,0.25633285208032547
0.2516692170583954,0.14977489088222068
0.004709299456456619,0.013627699881934454
0.027052044581689166,0.0422603718356835
-0.007932552765029986,0.1032709526498345
-0.0020907895697905216,0.28801617887439873
-0.04394568602808586,0.21281335261759862
-0.8975960578011587,-0.738132800174943
-0.8316865279741463,
-0.47140127557564576,-0.5710070113259883
0.03204627445130546,0.014330430789125421
0.04233160594390999,0.07572520959951598
0.1333299850486208,0.31434281438543654
-0.28590178426455476,-0.3113585746102451
0.0007590337946284612,0.03624150197933472
-0.030405956266195713,-0.07158336337144904
0.003458341091554348,0.2767453819472454
0.15980692912618996,0.18715473733191756
-0.034893357375735394,-0.0026442413631464624
-0.28679496570553403,0.6697646084878391
-0.7288628559886889,
-0.04906808672499047,-0.10574774635950412
0.0033563501752760985,-0.026621426456458774
0.05452370009983992,-0.006682609147707396
-0.007193660924358502,0.4134155466522696
0.12983726929946396,1.2548277217345727
0.002371099377028389,-0.054688283727785406
0.026181582835598058,0.09046611917676739
0.11476325560508649,0.31925062515124625
0.09253645947459399,0.015492823309032969
0.34987614520153715,0.34369929366704194
-0.9737364320436838,-1.061245528810859
-0.3558634619268834,
-0.16064557219563544,0.17339548501425375
0.019201856002763563,0.07422637427713356
0.06633016909399216,0.1585867274119303
0.3405321454649414,0.9157029333484876
-0.09432336863374749,0.17125638674177945
0.009202403528684604,0.5136894335167336
0.3073959145994245,-0.024584931143952903
0.1808413927558296,-0.014444018714205082
-0.015271589608745473,-0.0481130612196198
0.07214542010454812,-0.013705984398975987
-0.06262236132383277,-0.06860248980803099
-0.04741668349828327,
0.02051801463108267,0.08400493104245316
-0.1372217271660235,-0.25645216844827684
0.07035017934211281,-0.08835316691399576
0.12444801594813751,0.011574271398668306
0.37336953580255827,0.5663304074413728
,0.03939577910953761
,-0.042785195039673034
,-0.04859396351257404
,-0.16771455907752328
,-0.06256044285857171
,0.05322174372308447
,-0.2293519090865864
,-0.27009262335936224
,0.015158984471284127
,0.10966876631619285
,0.11047892470311889
,0.26138692859009793
,0.03304821384562658
,0.004472133795790395
,-0.05114113106225884
,-0.10975533990233487
,-0.1755760829692865
,0.07545067267176607
,-0.053294343271044174
,0.010944509054660243
,0.03151679476550067
,0.09970541038967261
,0.13535821479838192
,0.285378234493005
,0.03563292318604508
,-0.02677935097638609
,-0.03328099153741041
,-0.13381751761329044
,-0.03101343915696758
,0.02096367920695573
,0.04090786616581871
,-0.1910616381458718
,0.029757769959889824
,0.08237731420496743
,0.04584366436121608
,0.27093392761338764
,-0.10148290184716544
,-0.20939445051551275
,0.24998201999376674
,0.029069695199989993
,-0.594457598292594
,-0.0053163704744107745
,0.018488580349642823
,0.05854377803621843
,0.01023483541353871
,0.2888774459320289
,0.3821545086780633
,0.18922729836435384
0.03939577910953761,
-0.042785195039673034,
-0.04859396351257404,
-0.16771455907752328,
-0.06256044285857171,
0.05322174372308447,
-0.2293519090865864,
-0.27009262335936224,
0.015158984471284127,
0.10966876631619285,
0.11047892470311889,
0.26138692859009793,
0.03304821384562658,
0.004472133795790395,
-0.05114113106225884,
-0.10975533990233487,
-0.1755760829692865,
0.07545067267176607,
-0.053294343271044174,
0.010944509054660243,
0.03151679476550067,
0.09970541038967261,
0.13535821479838192,
0.285378234493005,
0.03563292318604508,
-0.02677935097638609,
-0.03328099153741041,
-0.13381751761329044,
-0.03101343915696758,
0.02096367920695573,
0.04090786616581871,
-0.1910616381458718,
0.029757769959889824,
0.08237731420496743,
0.04584366436121608,
0.27093392761338764,
-0.10148290184716544,
-0.20939445051551275,
0.24998201999376674,
0.029069695199989993,
-0.594457598292594,
-0.0053163704744107745,
0.018488580349642823,
0.05854377803621843,
0.01023483541353871,
0.2888774459320289,
0.3821545086780633,
0.18922729836435384,
-0.003667823260836003,-0.03909062141529224
-0.021681059665787854,-0.001451692787648686
0.03959528843249759,
-0.14682175780684353,-0.17080127496630754
0.3498554565164996,0.0844154450430338
,0.039626645143653334
-0.22366131838392092,-0.22986015193370118
,-0.14063288015194286
0.031786339932566444,0.041235177079188286
0.1081249203314213,0.10698017208463939
0.2872892899710539,-0.16973622073804204
2.613129717395126,0.7090572930588971
-0.008825021499629708,-0.04326866025869221
-0.011748872927887701,-0.02729751732068744
-0.020960434913923288,
-0.03856363724118068,-0.12027324781266262
0.5731149120693785,0.09124079757893155
,-0.01594699090045177
1.4558283394548683,-0.18807838397790047
,-0.0944706147457425
0.027592548611237968,0.02536251492240351
0.10350541746335246,0.1063230893543718
0.3536629490890517,-0.2106186332051541
2.4534550348136492,0.6980865187561262
-0.002973324181861057,-0.03472963885922235
-0.021367136292158008,-0.016179258441166654
0.0021745696164300766,
-1.4695207297649497,0.06352013348640514
-0.22711394844615648,-0.10089931531840866
,0.04834867281981845
0.18122946066112716,0.028375345303867254
,-0.15384202676166658
0.02216863263321786,0.017855949064862722
0.09067686424474192,0.09683090775091235
0.3585901583517791,-0.44980773122849615
2.2075361301269707,0.6395794350886571
-0.15985686808044255,-0.2078735018393261
-0.1087163150046652,-0.012211298154926976
0.12614315916641486,
-1.156378203581255,0.20420852972425643
0.5433630450493855,-0.18896353372968963
,0.02214353593605592
-0.1815194277981826,0.036351864640884135
,0.09726052385908834
0.00033899474862620396,-0.005284520493434126
0.046623326959847104,-0.13300597590104682
0.7216712072194789,-0.15592322741685222
2.3096659060324205,0.5928673260269092
0.010842311425758798,-0.027104968844863457
-0.01321394635415367,0.03099942281223633
-0.04336794069054466,-0.03421154876038276
-0.2159774508011682,-0.32058550248448026
0.01756964959644922,-0.006283876347608497
-0.10285150645624098,0.5960908665592349
-0.1369992889310266,-0.3689395748746112
-0.09423390383048087,0.6939221891288162
0.0160916495596318,0.01822040941579625
0.05564363874077363,-0.18198098548892586
-0.05444675982443497,-1.1603010018812616
-0.44479977992125314,-3.973330583908996
0.010523319030125874,-0.019412046652819842
0.006726194077390389,0.010096345957465695
-0.046187658108309215,-0.037508794405183093
-0.183620370803379,-0.34372012227144777
0.03504035506805913,-0.027656997637342005
0.10211920133907185,-0.017310391433175646
-0.05817597640304412,-0.045915930260329654
0.05946923390383036,0.2769452717795971
0.015390488358776329,-0.021416972471199086
0.051648185459281924,-0.15972716020120667
0.050983153244718075,-0.5147657172857326
-0.5385109151034769,-4.655153452245938
0.01920814425316332,-0.002620226873302626
-0.005601602898313441,0.026062247480353358
-0.013655979212692158,0.020728544276548636
-0.12382503114119188,-0.1021666823770217
-0.050786605792471906,-0.044900430837651606
0.07360413677666204,-0.162135468108332
0.12485844460245964,-0.08598041557200839
0.13754754142895953,1.6102941176470593
0.029417607715889495,0.028641204976409252
-0.1142972831893377,-0.9793526638750638
0.08984368346042673,0.3848711554447212
-0.5137176687700236,-4.4343059421933555
0.014659930096075021,0.1690126218245725
0.08178553761508386,0.5171424765794966
-0.015228000289984556,-0.479896252270794
-0.05199835047338859,-0.227710372874052
-0.11463383606372,-0.2574701689598348
0.33310915829746524,-1.1824608826740142
-0.1063311474546364,0.20714911233182123
0.2660622113556098,1.196109456440804
0.22973157212027243,0.7307215282128653
0.059775688715649665,-0.9479076137051966
0.24251491905948883,-0.693791836198975
-0.29598872096421996,-2.72041791249957
0.01702538650799806,0.0026661213528925963
0.035518351189923726,0.09277652076104279
0.050623760966473474,0.13408485924013866
0.05629610693156084,0.27139584551322576
-0.0252991639801104,-0.029775760319552536
-0.17024039421988413,-0.4709392230674312
-0.4825691779438497,
-0.17002662609357186,-0.09577779489945315
0.023504265116333817,0.028005220953911787
0.11926646698678837,0.12684197094435573
0.16019610646000024,0.23236628496197165
0.20391401612874124,0.0944451722782657
0.025189112212454217,0.02014445670543026
0.04676662343624179,0.07769376756144057
0.06611647188968359,0.16475256110349284
0.10905582742921134,0.31916289835705675
0.011747991913010212,-0.010757254636436816
-0.12182859425983887,-0.3872947938957527
-0.445267622702484,
-0.04221695401027903,-0.0816626858771864
0.020010520489438258,0.013804709735507894
0.1280249124419581,0.15037760995113278
0.16987007367514173,0.21996798605783346
0.2038553825614751,0.04857854054762202
0.0305681473700537,0.027317133398668113
0.03300981589859498,0.07672965261461889
0.07835894458987307,0.17226950068564978
0.10525466851703068,0.33481679453068147
-0.00482214086661933,-0.007968781926209603
0.0006459346074449871,-0.026694365911185645
-0.20714199151686544,
-0.024879032614753365,0.09842823021804438
0.02844653981887487,0.027739339041737403
0.12002186970095563,0.14973486960877905
0.17317714872951903,0.358016272175338
0.21565426040520314,0.11036289794314216
-0.12387525526330011,-0.1382486167807453
0.037555281846482685,0.218133178148465
0.23879530344684063,0.2293851335000404
0.1272125240425584,0.22145132616658522
0.12870881372602594,0.04182709065340808
0.055903309582473096,0.13828275097233722
-0.3815875580690766,
0.14571815262678348,0.21040141767470527
0.12933136008730436,0.19356505344830724
0.17139189553255893,0.07866007542746956
0.32665479313395585,0.2460906051392797
0.20321943387035646,0.22987030001310105
,0.06021039908363252
,0.07391664250861837
,0.021149455921391707
,-0.08629652807154334
,0.10986360073915886
,0.21226030385220873
,0.27840775841851856
,0.376455170349387
,0.11627329877578044
,0.45407454540566233
,-0.4376206247468368
,0.08610660253296457
,0.060112016078593906
,0.09179592677841084
,0.06177562850459923
,-0.022986536706789674
,0.09469214895345741
,0.2072751297662628
,0.2858606133344369
,0.395163851542508
,0.1108874673725233
,0.4711560004660207
,-0.4406347542233552
,0.22334640491902305
,0.045653228016668906
,0.09542836585646981
,0.0918288265225609
,0.010002202512262408
,0.08740122378250885
,0.19951128223608933
,0.29092000165542375
,0.4368376670548338
,0.10832322341090422
,0.4621044424329874
,-0.47084753031999704
,0.43130309097586583
,0.05141566116893067
,0.11877027966288174
,0.15474065527894768
,0.12968951569202591
,0.08175686849730726
,0.19681479936017815
,0.31526162590186096
,0.4685602894096089
,0.1056486893864197
,0.5502002993287511
,-0.25764254568848455
,0.49702038930420445
0.06021039908363252,
0.07391664250861837,
0.021149455921391707,
-0.08629652807154334,
0.10986360073915886,
0.21226030385220873,
0.27840775841851856,
0.376455170349387,
0.11627329877578044,
0.45407454540566233,
-0.4376206247468368,
0.08610660253296457,
0.060112016078593906,
0.09179592677841084,
0.06177562850459923,
-0.022986536706789674,
0.09469214895345741,
0.2072751297662628,
0.2858606133344369,
0.395163851542508,
0.1108874673725233,
0.4711560004660207,
-0.4406347542233552,
0.22334640491902305,
0.045653228016668906,
0.09542836585646981,
0.0918288265225609,
0.010002202512262408,
0.08740122378250885,
0.19951128223608933,
0.29092000165542375,
0.4368376670548338,
0.10832322341090422,
0.4621044424329874,
-0.47084753031999704,
0.43130309097586583,
0.05141566116893067,
0.11877027966288174,
0.15474065527894768,
0.12968951569202591,
0.08175686849730726,
0.19681479936017815,
0.31526162590186096,
0.4685602894096089,
0.1056486893864197,
0.5502002993287511,
-0.25764254568848455,
0.49702038930420445,
0.03988801499574863,-0.004815198404723878
0.056293801239867595,-0.028000066825935328
,0.08925104802633427
2.185403514109681,0.10494955672027433
,0.11134848899844796
,0.21085802287597202
,0.2768695940073665
,0.37600981695469887
0.12701753090521992,0.13567911799682136
1.8378039608924588,0.22319010321352753
-0.3338453303544408,-0.40248370854247567
,0.24101095754638982
0.028003497719718617,-0.042625713004900166
0.04223118388287706,-0.19484772040028747
,0.11007441690346914
1.8364265611926636,0.13355062417755512
,0.10063361636081447
,0.2166323558709409
,0.28369821628109093
,0.3973602325683317
0.10610433216624728,0.10224835235671331
1.8384306843820557,0.24301713951080708
-0.1415904489282969,-0.3393823823744947
,0.27400473542205744
0.015493352400092765,-0.05084942263993448
0.010552740592663687,-0.3954257647392953
,0.1254149902934474
1.7637483836616703,0.1576436536879145
,0.09156578106454835
,0.19783256964142845
,0.2890404061305854
,0.4390676814748806
0.07136864948240043,0.04157729197461567
1.8163700175482616,0.23613623767346056
-0.179710954408993,-0.3722726090759371
,0.4131380430593024
0.015756647599907244,-0.06268259881590954
0.012364010330303977,-0.49660023054947633
,0.18259572911684432
1.4418878831672615,0.24015867781296138
,0.08910800693873835
,0.1989520186448343
,0.31459600767012924
,0.46742655544680306
0.04955500995817774,0.0043344410238172135
2.2840310854850903,0.2608991184498101
-0.19702576275919823,-0.23711851986100066
,0.5442321458069487
0.05820347022564297,0.050374208405296675
0.097327558594566,0.18949206611115674
0.09428963109135724,0.6134106578390619
0.024989067723688415,
0.1196663776373921,0.10230550302752468
0.2144404117920469,0.21123599682184202
0.3267390247183103,0.2542432503737578
0.5025262705259483,0.32943228464457025
0.13473282825078722,0.18379111149106608
0.6581278482846233,-0.38459424803077424
0.8231110034266721,-3.2227404801957396
-2.088748062494,13.868567454798239
0.0430338184787837,-0.023590207528031377
0.08231230938487898,0.04497703709814916
0.0985067837141681,0.3592104935659704
0.056096683641082806,
0.09291878277385505,0.09605944262983984
0.19264431016920663,0.21414930837890722
0.32831172593611896,0.26463604525444
0.5,0.3560613274926199
0.12797465015409595,0.17338576714988813
0.6473976846022713,-0.2532057153324779
0.7624173618081752,-3.0983330784523546
-1.9779158608013403,14.17315716272592
0.02676224143910323,-0.046933684239383884
0.061286504101271455,-0.07312377966614438
0.0774210206001143,-0.024840082634342994
0.05101141188585295,
0.08466080350138303,0.08951413163206176
0.19890426131587535,0.19979648636969796
0.3289532224854889,0.27190427661698763
0.5165148216829266,0.4071191214871765
0.10397042963180621,0.09240238883257365
0.688190134489176,-0.4671185198754328
0.8471323249454851,-3.382436152316858
-1.7371164423960619,14.172983310152897
0.02481289644139657,-0.07896756860487457
0.05391396381968336,-0.20141352473668278
0.08331950156452671,-0.42360056748886177
0.09800609386240852,
0.05684792931169741,0.1009620588441287
0.16196758274903836,0.2131874973863833
0.3046177404836056,0.3205833208316305
0.4977559192668444,0.4576706980287592
0.09161939169719088,0.05433494949988375
0.729060581412193,-0.18492397875068564
1.0339725173929597,-3.110987918641987
1.0289288506645822,-2.873783031988854
0.05120986402803181,0.04135471410653969
0.10840566660993471,0.14636706135629707
0.1641528931348934,0.323575405016576
0.22301678980183293,0.5771663250928655
0.11135528409551056,0.11367693056620244
0.23354161469855766,0.2725130829435464
0.3393845785235703,0.4389958083562447
0.4447672232892912,0.5582080504364694
0.12342623450739511,0.12643731525759475
0.44704083150496454,0.44457798432876333
0.6398982558139531,1.0334958005135122
0.7582280924653075,1.168329285218599
0.04287597975479497,0.02400335485260961
0.09110607233510672,0.09034676303244653
0.13981251605962075,0.22680928254206545
0.18881389016927905,0.4313156462149354
0.09295183979722942,0.09024323371587485
0.20760935793997737,0.20822141434724203
0.30673737624397795,0.34084148375174644
0.41566244471937613,0.44970295829291945
0.10380045307020414,0.10081712242908206
0.4095724405935071,0.38800902492523687
0.6160750713994287,1.0020714565472824
0.7703003012440346,1.1040293199167248
0.02150134796629716,-0.004943790829556592
0.059054332767843574,0.019018145471320847
0.09572550665214907,0.10006958779007946
0.13478122124954045,0.2776474638145254
0.07122141698641407,0.04603926878808403
0.17425707754527875,0.12801023479831425
0.25930576829278734,0.20766101771307507
0.36272063832744367,0.23963991270611076
0.07473888562155574,0.06060131234814366
0.36404140790599093,0.3297047443617752
0.6249330630354956,1.0252012707254448
0.8311192719861005,1.0750708420078656
0.022876861258640566,-0.008371742291918388
0.04684597632995323,-0.032319698600645846
0.07800862551829833,-0.007533464690060504
0.11341747206831623,0.09478672985781983
0.06505337392830798,0.03905616141721261
0.14676679984133548,0.05511624137451954
0.23108254965215683,0.09356830576463701
0.32263150579748784,0.08029825412221131
0.05574887277004508,0.03474317903957158
0.3272214681491949,0.249145675975059
0.6104268665850673,0.927516428042996
0.867663630282433,1.0938150589868147
,0.08586376764745147
,-0.0722610885441952
,-0.06554192193182092
,-0.37068980586427647
,-0.04872840225198993
,-0.14630869512989275
,-0.031146104926264715
,0.028816844748974974
,0.059984007940884716
,0.31689415054264547
,0.7695441873763967
,0.414562773229708
,-0.02766670648835915
,0.0886489771540538
,0.005435525895897585
,-0.3410362994997151
,0.050472040668119174
,-0.08779849401589446
,-0.2591807032791183
,0.056644410941201824
,0.1271368699680158
,0.3231585456565965
,0.7367938240129611
,0.7376994799009562
,-0.09711105333061607
,-0.10258147665633967
,-0.10372386125732479
,-0.2655810262308724
,0.10310115978918144
,-0.034649646896673804
,-0.11070300321428075
,-0.21719957508478235
,0.16205746112275313
,0.22626206500990315
,0.39670947604184037
,-0.0932031703531699
,0.024321684317046396
,0.07780405086811808
,0.014311213665262786
,-0.14758580183682532
,0.136535875809803
,0.015031390474745396
,0.026817862020444498
,-0.04265944359469504
,0.22759273556119275
,-0.015513115797209098
,-0.024994638900139764
,0.06072956034452207
0.08586376764745147,
-0.0722610885441952,
-0.06554192193182092,
-0.37068980586427647,
-0.04872840225198993,
-0.14630869512989275,
-0.031146104926264715,
0.028816844748974974,
0.059984007940884716,
0.31689415054264547,
0.7695441873763967,
0.414562773229708,
-0.02766670648835915,
0.0886489771540538,
0.005435525895897585,
-0.3410362994997151,
0.050472040668119174,
-0.08779849401589446,
-0.2591807032791183,
0.056644410941201824,
0.1271368699680158,
0.3231585456565965,
0.7367938240129611,
0.7376994799009562,
-0.09711105333061607,
-0.10258147665633967,
-0.10372386125732479,
-0.2655810262308724,
0.10310115978918144,
-0.034649646896673804,
-0.11070300321428075,
-0.21719957508478235,
0.16205746112275313,
0.22626206500990315,
0.39670947604184037,
-0.0932031703531699,
0.024321684317046396,
0.07780405086811808,
0.014311213665262786,
-0.14758580183682532,
0.136535875809803,
0.015031390474745396,
0.026817862020444498,
-0.04265944359469504,
0.22759273556119275,
-0.015513115797209098,
-0.024994638900139764,
0.06072956034452207,
0.06628033933678594,0.023202609327418074
0.009197899273758891,0.3988338874317124
,0.06130602368961542
2.9426865444588084,-0.091748817760645
,0.010974162329955189
,-0.06669259740629356
,-0.031628936804204914
,0.10415175375805295
0.11867358303643406,0.16598686330951234
-0.4868388067184765,0.45100233197737033
-0.7518908980893216,0.2544067703121186
,0.46258465943505317
-0.02138246888768641,-0.0075590112998715365
0.129637226070729,0.3256929014150389
,0.005299918408688196
2.1142846276717093,-0.13433184666267514
,-0.03973340637268328
,-0.031853700031939075
,-0.21448771537750563
,-0.012844579492498478
0.15912368036198132,0.18491021779639996
1.6662070694409656,0.09906198040302433
-1.0604854662663799,0.12825927647805074
,0.4352954132481688
0.015268706036948338,0.26247082283470674
-0.04925671498645154,0.20580717376413737
,-0.07491629856793178
2.262531375979308,-0.05274852640307884
,-0.003414589610152539
,-0.013414414328947142
,-0.1868317951689223
,-0.23861992900238116
0.14024108840523533,0.12265356702268346
0.5755201804963659,0.16798602905037302
0.14973585608229076,0.3130875365425072
,0.05590000550630437
0.011072891705959728,-0.018070519855930556
0.036075177804868186,-0.1635230633008674
,-0.059470219171144756
1.5142237772875915,-0.007684155591343841
,0.08059527070209056
,0.008443301805348706
,-0.04429292720274798
,-0.03343169766116897
0.08964000828651655,-0.02157217955699798
-0.08642516921534354,-0.0036809687640516108
-0.5742279317647624,-0.2109576303907583
,-0.2682671659049604
0.07528051549966998,0.03399402363132949
0.04528527859400893,0.5080438907680881
0.11317767982836309,1.3816611494138424
-0.23883849854001218,
-0.010875758701845756,-0.07791339560292627
-0.09878460032239217,-0.16863752735585633
0.1173152784528267,-0.09633471474303316
0.11852227324229164,-0.00027071318421549015
0.1179425650298597,0.28258684385729027
0.28572828496882574,0.40185667534896075
1.011241960791074,0.22917389460699417
0.6904469813962212,-0.8496693121693107
-0.0624825202206088,-0.1983030402719524
0.06767585332906259,-0.014891510601435532
0.1748120416305504,1.3769818552903386
-0.46697747245771676,
0.16151781659028022,-0.035146027925811126
-0.286869925533283,0.005733694515818829
-0.2592991132862213,-0.25912150103203724
-0.14055739202880985,0.13019812649421847
0.17354894503637858,0.2968942733967588
0.49305269256911155,-0.37511448983330165
1.121681492506317,-0.11347300810521557
0.42258891952320243,2.7346140472878844
-0.05779514257906451,0.09558077692792732
0.08728118428565461,0.8347358578775121
0.08887372517197498,1.455857829106204
-0.17803035646273857,
0.254320987654321,-0.013491745140361505
0.004539206281707566,-0.05306222963585921
-0.30264151724280647,-0.014738214342988047
0.1671101077696257,-0.3605421037595418
0.10858495637569346,-0.03352426081752785
0.44587562815470194,-0.6763601392196338
1.3068948807587137,-1.6140082581434418
-0.33152270825617625,1.4170723226703654
0.05276096611439892,0.16370589686651846
-0.013408163549514629,-0.3724940186453263
0.04575856493861763,0.2689598526520143
-0.1304996402928438,
0.08972294479540817,0.17262939404936997
0.14097251752885237,-0.04414108419795653
-0.40925410506057985,0.24484369422731708
0.15680346152812474,-0.11705652093284329
0.1462491109857124,-0.06993075316618032
0.2562759757986344,-1.1325792269646417
1.8614793534318654,-4.192460620890032
0.5998930085181692,-3.356050069541007
0.05027510265846865,0.011307238325343747
0.04783421084898495,0.1800207596493925
0.07223548071643932,0.22583192593982604
0.12228730958214908,0.6867234533111312
0.016770824396886024,0.12002607044688149
-0.003923653613924059,0.26271577750941255
0.12324727533183202,0.37911444133902605
0.2667556967093768,0.6603206231319628
0.10382343205776629,0.12229271494202575
0.2813151681625679,0.2690555818039768
0.5327247301662332,0.4426536290066788
0.8728694757202301,1.1472125497315737
-1.4691730759356796e-05,0.0302629250313555
0.015312144853219647,-0.065408273104721
0.05054043512098099,0.1008241070870081
0.010041783223634535,0.4120100550787756
0.10818371050033822,0.19800578568351082
-0.08587517021685533,-0.08235307738619008
0.13068935420107308,0.7675778609095417
0.19683889386348055,0.4296496120271582
0.06839345226426193,0.043664979804076395
0.2718753486296531,0.25391859366811753
0.5435377141982862,0.4729448627007268
0.33074888997634055,0.08244419384686562
-0.005046609515833963,0.0957594970798933
0.004922871955917468,0.12325080731969851
0.05965952679807672,0.24180193282041654
0.023494898863697846,0.35447354937876274
0.06114198537442738,-0.004163006317249993
0.08839417520988299,0.3137185662020099
0.11088197290844845,0.4728613602560059
0.09427040968609947,0.6115058195926285
0.057078949661286536,0.012887475432161816
0.16814175746532303,0.1477909957856486
0.49220343737250094,0.5270855998955567
0.15672321913595502,0.3092181355540138
0.012877302010563387,0.0003462577234708066
0.011410448566968429,-0.061667691834538005
-0.022586065702565668,-0.0637197410395947
-0.02533866058548762,0.11462869860381719
0.13196285165834545,0.12484542600871769
0.07141338262295481,0.17466308525911164
0.11927641768566619,0.27031595078198956
0.12279418633529052,0.3975509214354993
0.07366474983118779,0.008867635451970798
0.14026997880331715,0.19481725781600576
0.41236995104039176,0.5721310762000086
0.4302267635795515,0.6556789266712929
,0.006517874083808249
,-0.02789294084363405
,-0.05880186982090821
,0.006243947461342448
,0.005331578909524882
,0.02134109718086353
,0.09935645408268841
,0.16665510683113272
,0.04798996360427931
,-0.22834123477590676
,-0.7757154089923509
,-1.2931510419751915
,0.08573727521240189
,0.04950595335808512
,-0.03182763421365475
,0.0005873366033065704
,0.013319959446925132
,0.005503606901478775
,0.08225385920622433
,0.16561837210745534
,0.045278666225506435
,-0.5124974234426393
,-0.7283828540112934
,-1.389647778027888
,0.050593460341107815
,0.08155175003230769
,0.015124789154197142
,0.050458507116212345
,0.06586639056062459
,0.04271380611877177
,0.07364910538150621
,0.17233524496508323
,0.11564832175287662
,-0.2959321760483225
,-0.4187018990207052
,-0.2523487388486735
,0.06850970829439011
,0.12076113569604877
,0.1420565925915536
,0.09226079143607305
,0.0453417890808689
,0.08862039969905608
,0.12778490529597586
,0.21704260468647904
,0.049593764935112555
,-0.13171361228861042
,-0.2805165717553431
,-0.3389647778027888
0.006517874083808249,
-0.02789294084363405,
-0.05880186982090821,
0.006243947461342448,
0.005331578909524882,
0.02134109718086353,
0.09935645408268841,
0.16665510683113272,
0.04798996360427931,
-0.22834123477590676,
-0.7757154089923509,
-1.2931510419751915,
0.08573727521240189,
0.04950595335808512,
-0.03182763421365475,
0.0005873366033065704,
0.013319959446925132,
0.005503606901478775,
0.08225385920622433,
0.16561837210745534,
0.045278666225506435,
-0.5124974234426393,
-0.7283828540112934,
-1.389647778027888,
0.050593460341107815,
0.08155175003230769,
0.015124789154197142,
0.050458507116212345,
0.06586639056062459,
0.04271380611877177,
0.07364910538150621,
0.17233524496508323,
0.11564832175287662,
-0.2959321760483225,
-0.4187018990207052,
-0.2523487388486735,
0.06850970829439011,
0.12076113569604877,
0.1420565925915536,
0.09226079143607305,
0.0453417890808689,
0.08862039969905608,
0.12778490529597586,
0.21704260468647904,
0.049593764935112555,
-0.13171361228861042,
-0.2805165717553431,
-0.3389647778027888,
-0.001002454201128543,-0.01754494442812752
-0.009397225608523097,0.07907178776083024
,0.0430781025799736
3.1094165969422622,0.26748865786617393
,0.01084634346754314
,0.019786419249463238
,0.029935576432286257
,0.1616254948650899
0.021294706679875874,-0.00022598367731014774
-5.610992730007531,0.6697899128907107
2.776327119551308,0.42695832381192494
,0.6285116458344805
0.026815045992115635,-0.10279637043792807
-0.003972082757983208,-0.2597691163940727
,0.0781307149087021
2.2900281433026506,0.19332695121521715
,0.03319273258468004
,0.0497712086570723
,0.0941660113948323
,0.1680459585408966
0.01936870691370333,-0.0015189066835598491
-5.0678741539233,0.2475974358706223
2.826502827619917,0.47525353211406784
,-0.07201145311381488
0.01698857926876397,-0.05693218531171249
0.023373179341702997,-0.2549075296122429
,0.04446374813606061
1.2035825663649475,0.14753578735380096
,0.04021911804984933
,0.07010470326695693
,0.09769413290292317
,0.16291470059749041
0.03174310157751481,-0.0358980628382808
-3.5300200551516747,0.24369686385644265
2.7217528916195453,0.644613772289945
,0.6458454930895877
0.005662054572157409,-0.13258413071370057
-0.0041280772808421785,-0.6015002422440155
,0.17266058014236282
1.3921426941507546,0.20169307561529282
,0.043250251072765415
,0.07360851540191062
,0.17546455324256097
,0.2400442639475262
0.007835270614248277,-0.025828822921413166
-2.8885058912008104,0.3282754870486372
1.9961600223416915,0.4903354424893818
,0.6803590110676723
0.002626162055733914,-0.012555857115442616
0.013600345370228525,0.17695184665731672
-0.031936017311227125,0.15874754212609185
-0.12170444767318837,
0.015161649944258438,-0.002247563017719406
0.04650955804547132,0.009515888467096278
0.2655588780018417,0.016259111154795256
-0.6085086941331398,0.4557811536745873
0.03297616940855924,-0.0069246833819813156
-0.389695477286149,0.434832386884042
-1.6054653698383579,1.0573099862364244
-1.020835905243955,-3.0188630041724442
0.059168354048037254,-0.04448008334018696
0.041299594747030176,0.008992657371503834
-0.02084601245473941,0.05709734425168603
-0.15362669450282837,
-0.006193484454354021,0.028365136668385856
0.013548393476992285,0.0017238254986781376
0.09373092323769501,0.07651559436543942
-0.3464215646752127,0.3566026293235229
0.010527932578492091,-0.08182606465480374
-0.642105028580343,0.020196006594612917
-0.7680246443529122,-0.6408089922006416
-0.9032824437951802,-4.4718358831710425
0.03126503261027634,-0.04413740165035505
0.04713468046290742,-0.08835904628331015
0.015297936300094083,0.01652686860641655
-0.06472612884569262,
0.05869771666873116,0.07139355274132633
0.015427367754823588,0.05553413035094492
0.06653974691926477,0.07720361911363785
-0.0944798301486201,0.27185380840922424
0.08234359191823405,-0.006167486962787189
-0.2846000423412486,-0.34250778530866144
-0.8665847495759922,0.5707294693378177
0.09027063358160856,-2.423591794158538
0.02185671615075685,-0.16014200729226644
0.03909925216204547,-0.28238869180210685
0.06142227468048622,-0.5108893147820888
-0.02540167299092979,
0.06067137371485188,0.03352243424445603
0.09383993117020568,0.08616804278432655
0.06921954702066213,0.1570662210887345
-0.07965814722244605,0.3277081380720633
0.05265969701725267,0.06080775759944324
-0.06880452828506856,-0.3902729437625913
-0.5797653248416458,0.3805627771830531
-0.06246656516192758,-2.09118567454797
0.020985300923375316,0.03682643254514826
0.06991393209364802,0.1775680455174535
0.10534741465524727,0.2883436542190529
0.11164275810331416,0.2323195529652876
0.045568661613453194,0.10819340073971695
0.09779750634862867,0.23780854906682727
0.1722807903271352,0.29140938387343934
0.2196916360786244,0.30776551891367604
0.049084874425493925,0.049545785164894676
0.10636923134134098,0.22356773244046407
0.10787051203590381,0.4306279646633885
0.13204006410975888,1.001633703446681
0.06075397962256943,0.033398481082786355
0.07812176879338392,0.10961863755189906
0.09647418537285121,0.23950709951835858
0.13392465583425553,0.2865897591904701
0.04284360355548942,0.08879401511887507
0.0767233306480304,0.20714467651553753
0.1426542190428108,0.2413237481408032
0.18982585891450615,0.23002546071774976
0.03835713041015924,0.03544345915161645
0.06161912907664276,0.26264540767495215
0.1456038351693186,0.46485486748770616
0.27687963258104653,1.2937268679157996
0.04585289169990664,0.04066219865959786
0.06067210927677702,0.03769029678609875
0.07680889097574091,0.145575311190342
0.10865877531673328,0.1752954079672088
0.057963845374295976,0.04566437440198751
0.05975480594256178,0.09096119112675392
0.09387060061781752,0.12690426826520043
0.16824448560824057,0.16145126091173592
0.060506926746389585,0.03729475215500568
0.07859506898218738,0.20973537136814221
0.1575186148510812,0.36800121850385137
0.3253345784154835,0.677813439740921
0.02639002137646824,-0.019728995621763536
0.048224014464825285,-0.03161617714900818
0.0913905644298119,0.03490726840557961
0.09471486075680079,0.09752465735878058
0.026585184877131594,-0.0026074743868799385
0.060349798193349964,0.00857916917519557
0.08161907532752025,0.006202956686347966
0.16307015085543988,0.07344204655674094
0.034229399464157324,0.027761657149047467
0.09238220966122497,0.17084911492344826
0.18480020909832717,0.3547717481178468
0.22343238620293362,0.5665842586167018
,-28.55633020889818
,-55.27623098942924
,-155.666342123879
,-80.5877692568843
,-123.73047205596718
,-144.50521032560172
,0.0062587135980020185
,-0.03652527116097057
,-0.0033594154962603255
,0.080555426338559
,-18.670925108236283
,-37.266839076389545
,-106.4610104943953
,-59.174665977098286
,-85.74984017194453
,-103.26026126971973
,0.0016983755902187756
,-0.04507297912544067
,-0.029017846123466515
,-0.05166302274736038
,-12.870256324183817
,-25.53647676466758
,-75.79515011371674
,-41.99297211372801
,-65.00390284889703
,-75.95340264978954
,0.0005986441375444604
,-0.04090550653910816
,-0.03567003184163106
,-0.0635949202214262
,-10.141014881951438
,-20.41466289863085
,-61.61233617561821
,-38.71304648558093
,-57.023222255371735
,-70.97293412618369
,-0.0022987934881707277
,-0.04828525092618777
,-0.0538518500234492
,-0.07429873935898026
-28.55633020889818,
-55.27623098942924,
-155.666342123879,
-80.5877692568843,
-123.73047205596718,
-144.50521032560172,
0.0062587135980020185,
-0.03652527116097057,
-0.0033594154962603255,
0.080555426338559,
-18.670925108236283,
-37.266839076389545,
-106.4610104943953,
-59.174665977098286,
-85.74984017194453,
-103.26026126971973,
0.0016983755902187756,
-0.04507297912544067,
-0.029017846123466515,
-0.05166302274736038,
-12.870256324183817,
-25.53647676466758,
-75.79515011371674,
-41.99297211372801,
-65.00390284889703,
-75.95340264978954,
0.0005986441375444604,
-0.04090550653910816,
-0.03567003184163106,
-0.0635949202214262,
-10.141014881951438,
-20.41466289863085,
-61.61233617561821,
-38.71304648558093,
-57.023222255371735,
-70.97293412618369,
-0.0022987934881707277,
-0.04828525092618777,
-0.0538518500234492,
-0.07429873935898026,
0.01979953479065555,-91.64995029958307
0.03724981937560987,-198.18331491260386
0.059705467493909224,-680.417469919564
0.1041010185785678,-479.35405237260335
0.0462341956452297,-183.08107377713728
,-144.74891156699522
0.015286620830635807,-0.012059197253436767
0.07935939894621497,-0.3594123214205235
0.185667523142445,-0.32681304414746604
0.018246566050535415,0.07304002781698087
0.010901780801360667,-59.91878123533148
0.020363023335403782,-133.60149821932947
0.03290557402274593,-465.3142879301559
0.06055392362568201,-351.90562373923035
0.020346051964153816,-126.8764165390506
,-103.42797766245224
0.009078499829869155,-0.013276131170969818
0.04949069749574401,-0.3085537879129294
0.11429063078072275,-0.27424028481372686
0.002034933016790226,-0.04518623059458794
0.00740958431294077,-41.3030275837314
0.010365304906645785,-91.5389168611077
0.015627517319155813,-331.2552460723704
0.029630336092778268,-249.66193465678785
0.010614514644271465,-96.17819115395014
,-76.07498868029674
0.005611008061686617,-0.009571601651591505
0.03272354518214793,-0.2460566046239127
0.06572180571687788,-0.20916677262415398
0.07651348143123719,-0.04669571086703053
0.004920964433995186,-32.542362702598226
0.005247613856742647,-73.17123910106841
0.008653824023568119,-269.2570076890692
0.013722198908938164,-230.09452708180154
0.012248962031974769,-84.37157913701473
,-71.08918765165498
0.003944122939066762,-0.014965869436153932
0.021765150688033336,-0.2434652305196267
0.031040402973808938,-0.19911531074542732
0.0897744615906375,-0.05450900983821164
0.01700398281396152,-123.28798402822916
0.038723985988957765,-249.9772415146164
0.06739148451576679,-895.0554664956719
0.10605799946702806,-1358.3233628885832
0.03665218124262421,412.28165243667445
0.08361927973575381,324.40755570578017
0.15345704251192546,420.3571658097687
0.41810929614153103,-0.36168769830697284
0.017786410368038595,-0.01632709836414083
0.08111252750284215,-0.2740610302276167
0.18305608947738947,-0.31287594231829985
0.36996776970352135,-0.007053818697467184
0.010385565520370423,-80.60669514346736
0.022503916403128706,-168.520182150491
0.03905667269317293,-612.0996385787987
0.061622325443328095,-997.1437346437367
0.021700039335418333,285.71055993834767
0.04063111310650001,231.7525285353997
0.08552183257325624,319.4206298200515
0.294622022032884,-0.03427228909826474
0.010471183148588558,-0.015489878563761437
0.04991112327279922,-0.23686610275323283
0.11236088369995983,-0.2637571905124638
0.2602045923167773,-0.14606979886920743
0.005839779964933321,-55.55949484631813
0.012957867129789906,-115.46696199002507
0.02077763419208499,-435.7523098895334
0.030868507780375233,-707.4138446747157
0.00965590874182857,216.55758583625686
0.021053137927717153,170.4376381269339
0.043652041725637886,222.29326923076928
0.21232430672382807,0.39378012449439315
0.00616456247279059,-0.010306464439154627
0.03138605425151114,-0.18687755771278147
0.06548254668849787,-0.20361955294055797
0.19454287029808062,-0.14173691195452578
0.004036030181999545,-43.77578233819296
0.007108198337215372,-92.29647986947947
0.010516202502893151,-354.1839313299718
0.014427342123993422,-651.9380408076074
0.0022571037893119217,189.94339775700158
-0.0008738735849663734,159.19495072931036
0.00432457933637288,216.08568568321144
0.1655993921962327,0.6451667595126807
0.0038565352801313768,-0.014358713253530636
0.01950393660497569,-0.1851660519920401
0.038367227482340865,-0.20696855874550144
0.16191219746561764,-0.14580315967445753
0.01521889699143423,-369.68781846025337
0.034485140849264594,-1349.337977928881
0.05712375647405803,3079.39984958636
0.08851723282915924,288.6151576701805
-0.07282540675844046,-114.8003366794145
-0.4324175319305337,-128.36645943553523
0.2574370314065577,1013.7323754732168
0.014255935280493934,-0.03923383102284396
0.07055309040453625,-2.221362376994361
0.14655404731011087,
0.28695144910243137,-1.3933724673357288
0.00977125013700745,-241.71006543227065
0.02272169614674539,-909.7016497603382
0.03457255530402135,2105.92399097518
0.054254897098933885,211.8776084514394
-0.08854818523153232,-79.56367251713053
-0.1873564274556562,-91.71423719043986
0.1958677400407714,770.3849822636898
0.008360019979790849,-0.03619667930169271
0.0435767251591597,-1.853890003503072
0.09100209601756663,
0.19372099806432816,-1.804014391213788
0.006457420436604433,-166.61244605318112
0.01512238699303203,-623.3473414335075
0.020526323410869407,1499.2322887941825
0.03315893875526895,150.33331442123298
-0.04662077596995691,-60.312908492116826
-0.06928236699439806,-67.45301274265594
0.11999447189302959,536.1533073002058
0.005592464407087201,-0.027808920446793655
0.02806422260339721,-1.4481704404318332
0.05826429783411514,
0.12467849282740658,-1.4081045256580151
0.005431322570188651,-131.28503410831127
0.008935739384193791,-498.2496934566934
0.011555559846118977,1218.5888693908237
0.018995784775601085,138.53833671859928
-0.060544430538176736,-52.90957107268546
-0.04153266562528797,-63.02733804063647
0.07943198700894671,521.235699168331
0.003298333939887553,-0.03413829717817734
0.017424446979830078,-1.3890321964268655
0.03550004990518013,
0.09644950017235412,-1.293656504449912
,-0.21295650751844103
,0.14077132028228284
,-0.0010395511167568578
,0.2159893138054337
,0.3909424679887233
,1.3282331258476185
,0.09430995398865505
,0.15072235199595294
,0.24420803198973162
,0.5398148578871472
,0.014572090100791007
,0.15342561518058476
,0.21003242892386187
,-0.1677174123417929
,0.2283988577621636
,0.7983447508432719
,0.044751088202010056
,0.12463882400202335
,0.29574210747167573
,0.5445736614411315
,0.020106557870908363
,0.13314995762101983
,0.12246926351606631
,-0.26644097051460597
,0.8156406212897055
,1.6078172271099185
,0.09449176443042777
,0.22751484132061717
,0.24978895663120476
,0.7982183560496814
,0.2123303293998157
,0.19123771752068117
,0.186756625870624
,0.16535997690157492
,0.5183239060150147
,1.3931100833420251
,0.12099795308048968
,0.1537977414411332
,0.40483301656258486
,0.37528027166581346
-0.21295650751844103,
0.14077132028228284,
-0.0010395511167568578,
0.2159893138054337,
0.3909424679887233,
1.3282331258476185,
0.09430995398865505,
0.15072235199595294,
0.24420803198973162,
0.5398148578871472,
0.014572090100791007,
0.15342561518058476,
0.21003242892386187,
-0.1677174123417929,
0.2283988577621636,
0.7983447508432719,
0.044751088202010056,
0.12463882400202335,
0.29574210747167573,
0.5445736614411315,
0.020106557870908363,
0.13314995762101983,
0.12246926351606631,
-0.26644097051460597,
0.8156406212897055,
1.6078172271099185,
0.09449176443042777,
0.22751484132061717,
0.24978895663120476,
0.7982183560496814,
0.2123303293998157,
0.19123771752068117,
0.186756625870624,
0.16535997690157492,
0.5183239060150147,
1.3931100833420251,
0.12099795308048968,
0.1537977414411332,
0.40483301656258486,
0.37528027166581346,
0.07162910809864442,-0.841296904768479
0.0013721115941845812,0.5009210364730442
0.043699838562781125,-0.15179817855480918
0.07437530996070635,0.9158230115189564
0.1653609874316625,0.49910818845149074
,1.1930735026064345
0.018916961582203608,0.2472847329864312
0.09478404684208168,0.30658209022488636
0.07547155053402604,0.5329416252317126
4.320264541292166,0.995794727045877
-0.0005877644940222036,0.04804373636689929
0.055565766291052685,0.4062548610258295
-0.08641987486149597,1.2089897848390176
-0.12059283561591554,-0.40059951360217105
-0.29055589997933373,0.4772362850193676
,0.9669232466069916
-0.0061022029627922835,0.14793403304794936
-0.00019207518024752878,0.4724525665870476
0.1587022240994292,0.5302380362843053
-0.7577073088010847,0.3874987216461105
-0.07987656945625544,0.2408606455531937
0.011151179445577994,0.44834418109623814
-0.014437287723208892,0.5838042057213765
-0.07441345897073937,-1.2154101389438756
0.8066091792068232,0.8199711737681287
,0.8015743094981009
0.026622498844831418,0.23220066246336427
0.10990137444955293,0.5552188021091534
-0.06236629787367195,0.7839337219184777
-1.0727149397998954,0.5725552760221715
0.06253439047571395,0.543066791838087
-0.021152066723283392,0.7399647959392525
0.09872000999529815,0.4834142125905739
0.07614923892724985,0.6062251380955087
-0.35225159217719487,0.9357625439149626
,1.4989492993393938
0.06502705543882507,0.2345646842016187
-0.07340911204655094,0.7868594799224844
0.2977407029358742,0.5880841324758578
0.15550279803289965,0.34877175758319506
0.07444669135152407,-1.1658092673414433
0.017073757458767894,0.576169676693204
0.016200968129092077,-0.08289370136115928
-0.005579336888727121,3.7243884200406026
0.045512016033865545,-1.1050518160984801
0.11790879645960954,-2.596942357193003
0.38072023903129415,-1.1420679256476176
2.557551419113254,-2.3085232639813995
0.023058839288704266,0.23390976397750285
0.09387562597469609,0.26550799376490836
0.061096477697887314,0.5482388169472825
-0.12743979340580133,0.7418023597568733
0.024059333284785163,-0.016881790324078244
0.0838286287601871,0.3983974061109218
0.0264777474576636,1.0815092249846985
-0.02201038282886548,-2.474895844461062
0.044449023170435,-0.5682532600539436
0.17208895872751134,-1.2326512571176016
-0.48622687005294374,-2.635702985960056
1.1886633743962658,-3.3370794681134517
0.015616355781789033,0.10183374756904433
-0.030240334238786012,0.4373728162579567
-0.09517255562674547,0.9448005043208747
-0.11146477689027517,0.7431658556391152
-0.06549236207195964,0.30390008357321996
-0.0653056554621355,0.8316863376805749
-0.27343661271459824,2.00214229502463
-0.11735160279439082,-2.6271765836983256
0.15992657388502796,-2.0241335253199195
0.6589728377641653,-1.4693585710199963
0.06547151019552347,-1.4555442950365827
-1.6556683128018648,-4.338944461937176
0.046969625933491826,0.18760022360854853
0.019630744451044502,0.6472770887332611
-1.352336995641616,2.9098920438128766
1.1263387584329285,0.6988916293472791
0.06270271178655266,0.7084037515089601
-0.10952140673680029,1.2498683436076954
-0.050969510379608444,1.3154274388644376
0.08870943258751036,1.3790727486379708
-0.10377994642890595,-2.1758908110081308
-0.1392505531860314,-3.5764540703569896
0.21335901871363427,-1.7804528376507824
-1.2477343029250514,-4.404606776951585
0.02490874384648877,0.30926217052513877
-0.15988467160104924,0.7871893122981348
-0.23565727755234409,1.4682763783457227
-0.38017736672472147,0.6039680760164094
0.045117989594434825,-3.2942503132395933
-0.021061282830087517,3.9270426931222797
0.02934021325172675,0.6300827275006259
0.0447359285891396,-0.5677261225277153
-1.079239674593236,0.2847709054755595
1.265551778002395,1.3212116845420667
0.3763949832429251,-3.2958237696366304
0.0053912065979192314,0.6001281298382364
0.08333112224114217,1.5257794337759931
0.016179259407126296,
-0.597634767851934,8.662639651581134
0.032856120090763066,-0.20373103160239503
0.017809540825442293,3.3263292832460114
0.06592316566347953,-2.783755327149657
0.019645425241755547,0.6897205169811739
2.202440550688354,0.37095744620755455
4.176421942479109,1.1767503139345776
-1.5037141968697108,-6.548394789399946
0.010660407166446562,0.23867741533642955
0.01083799353528661,2.4466418266934156
0.1537977842100008,
-0.4384429772227081,7.564552168149968
-0.0032881772537423945,0.2994292078518736
-0.008938121612768692,3.4574740831568316
-0.06160310465166797,-3.7015292053146163
-0.041824944210265294,0.76148059051142
-2.8064768460575653,0.5540635962558537
-6.685013323532125,0.6788706589538253
0.3153094012369135,-3.3875160222970764
0.039766666075754305,0.4057978751801824
0.10278613223788025,2.772491321932421
-0.01706507635492574,
-0.4875560151671839,9.980268888468089
-0.018476757717305406,2.9680634832242787
-0.06821511524030723,6.26145357262289
-0.019918136050547285,-4.106793682627223
0.0514059013141584,-0.35613376150328496
-1.0639862327909875,0.4040548403314823
3.3196728843149983,1.6089198591926213
1.2480046988909286,-3.7028646376725196
0.011219340771182345,0.7454783810557665
0.046203502682184955,2.3491608547498477
0.1815849885218087,
-0.024203855434465637,3.2281007384964924
,0.01712199068694535
,0.025996248717778902
,-0.040015111523550806
,-0.12578805925634504
,0.09228624139211743
,0.3814375630281321
,0.006454714123035123
,0.011111276427965704
,-0.0793918001629106
,-0.4036470205144902
,0.008523338583761527
,0.013099788219328966
,-0.016014158179112375
,-0.12845960789788444
,0.07341130912876956
,0.15167321579673354
,0.0050472352396527705
,-0.00904911398431809
,-0.11763878261298845
,-0.4278783086012001
,0.02419500606811792
,0.006773783060744717
,-0.00972107068694046
,-0.07373093507375307
,0.10777586322371643
,0.07290978428440624
,0.005414403644013405
,-0.014415795033551141
,-0.05046281440525268
,-0.4461599292924593
,0.012032948588839677
,0.014900038152504992
,0.013070453675320347
,-0.06141071728860026
,0.033530403862663795
,0.14927380000231746
,0.0007538481732041717
,-0.008422728422430891
,-0.1043023227112284
,-0.5409033818672373
0.01712199068694535,
0.025996248717778902,
-0.040015111523550806,
-0.12578805925634504,
0.09228624139211743,
0.3814375630281321,
0.006454714123035123,
0.011111276427965704,
-0.0793918001629106,
-0.4036470205144902,
0.008523338583761527,
0.013099788219328966,
-0.016014158179112375,
-0.12845960789788444,
0.07341130912876956,
0.15167321579673354,
0.0050472352396527705,
-0.00904911398431809,
-0.11763878261298845,
-0.4278783086012001,
0.02419500606811792,
0.006773783060744717,
-0.00972107068694046,
-0.07373093507375307,
0.10777586322371643,
0.07290978428440624,
0.005414403644013405,
-0.014415795033551141,
-0.05046281440525268,
-0.4461599292924593,
0.012032948588839677,
0.014900038152504992,
0.013070453675320347,
-0.06141071728860026,
0.033530403862663795,
0.14927380000231746,
0.0007538481732041717,
-0.008422728422430891,
-0.1043023227112284,
-0.5409033818672373,
-0.001206793056875586,0.05759035811911526
0.056275588455249416,-0.052233001760202555
0.07899244763154198,-0.4410356976666893
0.09132110021744898,-1.1987067096506596
0.14783294820492385,0.06565174308620914
,0.3518628168065662
0.028039152602737226,-0.03734079791106449
0.13411497822474003,-0.3316113840191083
0.27773671387060567,-0.6904926019366797
-0.2502289299643877,-0.38514245975741923
0.0157320794357462,-0.007392937018527516
0.03623578771247123,-0.04667403495845066
0.05353402840111364,-0.2503711582352812
0.043940029756227926,-0.980430971098919
0.0043960998703705895,0.10650391856589528
,0.18853401135453313
0.006310067112316875,0.0024849092135059616
0.053572800537001745,-0.1835312542250666
0.12131842517960557,-0.5265306395593952
-0.11046294726131742,-0.38959317665828025
0.02768120654294441,0.016497777286909484
0.008321397335631859,0.002775389905440077
0.04688583988452816,-0.20046976445301312
0.027642772670049113,-0.574703542408988
0.012549550057299609,0.15343662733087085
,0.026575180244505416
0.009217517254710405,-0.002302234806459143
0.040240761183830104,-0.16670422281310596
0.056793339043171555,-0.23399428498771974
-0.15886043751059883,-0.41150723036959747
0.014615952178480267,0.006329900323052335
0.05124345632692395,-0.07899627491915362
0.025326902148002796,-0.028230184581976063
0.0205737611108991,-0.46656486247007123
0.06951098085630071,0.016277812809656823
,0.09877747204903996
0.004811326874981002,-0.007478905135568611
0.019547187817176796,-0.08635472531434515
0.05021920304733296,-0.36871198078042683
0.2754960149228409,-0.44243316765866914
0.023978108527479287,-0.005608691614820771
0.05532542816407223,-0.07723841681897432
0.07151692998099983,-0.5695444344049673
0.08739724271464745,-3.501442153616074
0.07709742072039971,0.026506317305156176
0.004008594426450756,-0.8425937963131481
0.23950306651989275,-0.28407405576428757
0.1948228143485091,0.21943953302492225
0.029420314122099146,-0.03854098046574632
0.09906807356634827,-0.16649222185785947
0.12275851704199409,-0.4150337527251715
-2.061798090204796,0.09829896313713153
0.016875143543751987,-0.019166124988392187
0.011411841325533625,0.019041128424357647
0.026889064193036435,-0.21970911422658912
0.055270516881373244,-3.037709646405301
0.013313166126585306,-0.18686243890567514
0.02197511464580053,-0.2689477652687145
0.009854798972584468,-0.21153846153846184
-0.292831171650293,0.01329716375614654
0.005597937108603254,0.003968264382989892
0.039957819705939285,-0.10800454604669148
0.026466703052450583,-0.3569055186362319
-1.4926831221348107,-0.1055467012489616
0.023992112795980108,0.024867675735909266
-0.004588205612631089,0.04676641574507197
0.0312385851932114,-0.20418840537468302
-0.015048018053573562,-1.002937720329029
0.035458070316743875,-0.205418889046623
-0.0213738254818335,-0.23285926002964255
-0.05581328301095582,-0.1833720585327282
0.07204102675421824,0.4916317484922629
0.005864505542346195,0.004532534781364994
0.044382746124017866,-0.13314256707889535
0.021475522650150427,-0.1699062278374613
-0.7278842111584892,-0.3608779701485301
0.00752029218505783,0.026994149874640102
0.036318405041159074,-0.06048965851945963
0.007333102095566602,0.04031012270832794
-0.008422977153053863,-0.9004379873945131
0.014198213048120486,-0.05019367661076077
0.01664368405862141,-0.2808559319830474
-0.10432720029354724,-0.07577368004745895
-0.0005698160308226435,1.046237314408895
-0.00023709855664576904,0.002695375344795459
0.014754204125036918,-0.05522188930466149
0.018726813949993454,-0.30857476819626495
-1.618741617120097,-0.2146263718283565
0.025946283776693047,-0.08823611304468822
0.04659162646655938,-0.4558577639059152
0.07226810443445834,2.2926046628227628
0.10971733201090994,0.9519670475563676
0.15769712140175338,0.09700999305175027
0.09694018193513099,0.34956872594026
0.2561586566700082,-1.0089426774376238
0.019818158876877195,-0.06956382467567164
0.09478874184692271,-1.6962517117289244
0.18716438766343965,
0.08887121151857477,-3.920848324181025
0.009845875436382977,-0.007267158568841868
0.0265975820379965,-0.302697581094636
0.05880833892447354,1.5383805465028824
0.051026531118274265,0.692931791618913
0.1165519399249053,0.07652677900611769
-0.3509142699623289,0.09537435411820398
0.041184396918079444,-0.4970936298327727
0.009112911887662742,-0.018080543839980378
0.05558997922613855,-1.3279513391293278
0.0711922347539674,
-0.07107893829713921,-2.9758757811020597
0.031270332479029134,-0.060281219546149865
0.013886010362694236,-0.15962545981495796
0.035330376062517696,0.9261970418651263
0.03786263327547732,0.4369602959365459
-0.7033792240300366,0.04919699700038958
-0.33318018928604487,0.027420384132408316
0.25246173513457754,-0.09750499299490341
0.009740669406414642,-0.019195747987590495
0.031981757709037835,-0.9611158880290428
0.058114582293642164,
0.011073104764935057,-3.711380420374925
0.0028520856605154603,0.12164833634971338
0.033577511762253515,-0.42208226507635355
0.00795229108040125,-0.09325645525194697
0.029935531862137363,0.35662169369205815
-0.2801157697121442,0.010879942154409216
-0.8297344482219978,0.03960722152458941
-0.05915074456690527,0.0035174531254676283
0.007632154949742864,-0.03837370016431436
0.01220054658198958,-0.42922199929938487
0.04748477892005188,
-0.18570784610081403,-3.0774474531338747
