model,missing_mode,impute_method,missing_rate,pred_len,seq_len,ie_mae,ie_mse,fe_mae,fe_mse,train_windows,val_windows,test_windows,best_val_loss,best_epoch,status,elapsed_sec
DLinear,MCAR,mean,0.1,24,96,0.856953,1.247328,0.49478,0.494451,12075,1719,145,0.379773,50,success,25.39
DLinear,MCAR,mean,0.3,24,96,0.848669,1.222232,0.52378,0.532781,12075,1719,145,0.412909,50,success,26.81
DLinear,MCAR,mean,0.5,24,96,0.83881,1.202308,0.545213,0.576684,12075,1719,145,0.440179,50,success,27.58
DLinear,MCAR,mean,0.7,24,96,0.836367,1.197551,0.567527,0.624788,12075,1719,145,0.491119,50,success,25.66
DLinear,MAR_Block,mean,0.1,24,96,0.8537,1.259076,0.492181,0.489636,12075,1719,145,0.381795,50,success,22.85
DLinear,MAR_Block,mean,0.3,24,96,0.832258,1.203508,0.53779,0.573759,12075,1719,145,0.420079,50,success,19.67
DLinear,MAR_Block,mean,0.5,24,96,0.849599,1.215431,0.590732,0.66949,12075,1719,145,0.46244,50,success,15.53
DLinear,MAR_Block,mean,0.7,24,96,0.839517,1.203139,0.652104,0.803036,12075,1719,145,0.550433,50,success,24.55
DLinear,MNAR,mean,0.1,24,96,1.744173,4.09574,0.544302,0.548185,12075,1719,145,0.42571,50,success,26.73
DLinear,MNAR,mean,0.3,24,96,1.42446,2.885023,0.618753,0.688932,12075,1719,145,0.527179,50,success,26.4
DLinear,MNAR,mean,0.5,24,96,1.20246,2.13343,0.697907,0.919641,12075,1719,145,0.638863,27,success,20.24
DLinear,MNAR,mean,0.7,24,96,1.013346,1.643617,0.739795,1.022474,12075,1719,145,0.712752,49,success,25.42
DLinear,MCAR,mean,0.1,48,96,0.856953,1.247328,0.499623,0.498669,12051,1695,144,0.401042,50,success,26.16
DLinear,MCAR,mean,0.3,48,96,0.848669,1.222232,0.532104,0.551525,12051,1695,144,0.427584,50,success,27.5
DLinear,MCAR,mean,0.5,48,96,0.83881,1.202308,0.556241,0.592746,12051,1695,144,0.460254,50,success,29.13
DLinear,MCAR,mean,0.7,48,96,0.836367,1.197551,0.579189,0.646921,12051,1695,144,0.494066,50,success,25.28
DLinear,MAR_Block,mean,0.1,48,96,0.8537,1.259076,0.512395,0.528547,12051,1695,144,0.405969,50,success,30.21
DLinear,MAR_Block,mean,0.3,48,96,0.832258,1.203508,0.555858,0.60936,12051,1695,144,0.446076,50,success,27.08
DLinear,MAR_Block,mean,0.5,48,96,0.849599,1.215431,0.598415,0.686588,12051,1695,144,0.480723,50,success,28.99
DLinear,MAR_Block,mean,0.7,48,96,0.839517,1.203139,0.656744,0.813981,12051,1695,144,0.567184,50,success,29.38
DLinear,MNAR,mean,0.1,48,96,1.744173,4.09574,0.557989,0.579306,12051,1695,144,0.437721,50,success,30.97
DLinear,MNAR,mean,0.3,48,96,1.42446,2.885023,0.619219,0.68287,12051,1695,144,0.52725,50,success,28.78
DLinear,MNAR,mean,0.5,48,96,1.20246,2.13343,0.697136,0.918028,12051,1695,144,0.638906,28,success,23.91
DLinear,MNAR,mean,0.7,48,96,1.013346,1.643617,0.743202,1.022863,12051,1695,144,0.713505,47,success,28.64
DLinear,MCAR,mean,0.1,96,96,0.856953,1.247328,0.530065,0.549931,12003,1647,142,0.437546,50,success,29.85
DLinear,MCAR,mean,0.3,96,96,0.848669,1.222232,0.552249,0.585313,12003,1647,142,0.459338,50,success,30.69
DLinear,MCAR,mean,0.5,96,96,0.83881,1.202308,0.571269,0.620796,12003,1647,142,0.482157,50,success,30.71
DLinear,MCAR,mean,0.7,96,96,0.836367,1.197551,0.595156,0.676035,12003,1647,142,0.512458,50,success,28.78
DLinear,MAR_Block,mean,0.1,96,96,0.8537,1.259076,0.533765,0.562138,12003,1647,142,0.447704,50,success,29.95
DLinear,MAR_Block,mean,0.3,96,96,0.832258,1.203508,0.56966,0.63295,12003,1647,142,0.486178,50,success,28.44
DLinear,MAR_Block,mean,0.5,96,96,0.849599,1.215431,0.6103,0.709639,12003,1647,142,0.523613,50,success,31.42
DLinear,MAR_Block,mean,0.7,96,96,0.839517,1.203139,0.667268,0.834711,12003,1647,142,0.605105,50,success,30.02
DLinear,MNAR,mean,0.1,96,96,1.744173,4.09574,0.574197,0.606233,12003,1647,142,0.453633,50,success,24.45
DLinear,MNAR,mean,0.3,96,96,1.42446,2.885023,0.62799,0.695403,12003,1647,142,0.520085,50,success,20.37
DLinear,MNAR,mean,0.5,96,96,1.20246,2.13343,0.703366,0.928585,12003,1647,142,0.629234,27,success,13.15
DLinear,MNAR,mean,0.7,96,96,1.013346,1.643617,0.749604,1.030147,12003,1647,142,0.703129,48,success,31.37
DLinear,MCAR,mean,0.1,192,96,0.856953,1.247328,0.556596,0.593351,11907,1551,138,0.476933,50,success,31.27
DLinear,MCAR,mean,0.3,192,96,0.848669,1.222232,0.573811,0.620525,11907,1551,138,0.492105,50,success,31.49
DLinear,MCAR,mean,0.5,192,96,0.83881,1.202308,0.592759,0.656338,11907,1551,138,0.505501,50,success,30.81
DLinear,MCAR,mean,0.7,192,96,0.836367,1.197551,0.609649,0.697436,11907,1551,138,0.529843,50,success,24.43
DLinear,MAR_Block,mean,0.1,192,96,0.8537,1.259076,0.555746,0.595134,11907,1551,138,0.481469,50,success,21.22
DLinear,MAR_Block,mean,0.3,192,96,0.832258,1.203508,0.585905,0.654946,11907,1551,138,0.530811,50,success,31.76
DLinear,MAR_Block,mean,0.5,192,96,0.849599,1.215431,0.624319,0.731526,11907,1551,138,0.558105,50,success,31.98
DLinear,MAR_Block,mean,0.7,192,96,0.839517,1.203139,0.672594,0.842058,11907,1551,138,0.637948,50,success,31.27
DLinear,MNAR,mean,0.1,192,96,1.744173,4.09574,0.589184,0.631107,11907,1551,138,0.466713,50,success,26.6
DLinear,MNAR,mean,0.3,192,96,1.42446,2.885023,0.643191,0.721828,11907,1551,138,0.507996,50,success,23.88
DLinear,MNAR,mean,0.5,192,96,1.20246,2.13343,0.700755,0.901972,11907,1551,138,0.607248,47,success,27.9
DLinear,MNAR,mean,0.7,192,96,1.013346,1.643617,0.755724,1.042041,11907,1551,138,0.678199,50,success,29.06
DLinear,MCAR,spline,0.1,24,96,0.618437,0.692174,0.483725,0.472488,12075,1719,145,0.367216,50,success,24.57
DLinear,MCAR,spline,0.3,24,96,0.622608,0.704473,0.50892,0.509311,12075,1719,145,0.379202,50,success,19.21
DLinear,MCAR,spline,0.5,24,96,0.633583,0.752348,0.55303,0.584911,12075,1719,145,0.409764,50,success,15.59
DLinear,MCAR,spline,0.7,24,96,0.668198,0.92754,0.626668,0.739526,12075,1719,145,0.45595,50,success,22.51
DLinear,MAR_Block,spline,0.1,24,96,0.861663,1.861352,0.494294,0.50892,12075,1719,145,0.357169,50,success,25.05
DLinear,MAR_Block,spline,0.3,24,96,0.883997,1.938992,0.5602,0.658726,12075,1719,145,0.363331,50,success,26.25
DLinear,MAR_Block,spline,0.5,24,96,0.848385,2.025445,0.609454,0.757214,12075,1719,145,0.376098,50,success,24.31
DLinear,MAR_Block,spline,0.7,24,96,1.017779,3.950994,0.830874,2.640504,12075,1719,145,0.476499,50,success,20.02
DLinear,MNAR,spline,0.1,24,96,1.528088,3.110515,0.533345,0.5417,12075,1719,145,0.414269,50,success,18.66
DLinear,MNAR,spline,0.3,24,96,1.294506,2.440738,0.64007,0.724352,12075,1719,145,0.56686,37,success,14.09
DLinear,MNAR,spline,0.5,24,96,1.096401,1.819954,0.731162,1.00206,12075,1719,145,0.661841,9,success,14.37
DLinear,MNAR,spline,0.7,24,96,0.92657,1.404857,0.751605,1.049903,12075,1719,145,0.700179,9,success,11.99
DLinear,MCAR,spline,0.1,48,96,0.618437,0.692174,0.498637,0.509409,12051,1695,144,0.3941,50,success,25.78
DLinear,MCAR,spline,0.3,48,96,0.622608,0.704473,0.522395,0.540232,12051,1695,144,0.398973,50,success,26.95
DLinear,MCAR,spline,0.5,48,96,0.633583,0.752348,0.568732,0.615224,12051,1695,144,0.426658,50,success,26.81
DLinear,MCAR,spline,0.7,48,96,0.668198,0.92754,0.632691,0.757303,12051,1695,144,0.463534,50,success,25.42
DLinear,MAR_Block,spline,0.1,48,96,0.861663,1.861352,0.51122,0.537651,12051,1695,144,0.382364,50,success,28.41
DLinear,MAR_Block,spline,0.3,48,96,0.883997,1.938992,0.57638,0.693978,12051,1695,144,0.389362,50,success,27.98
DLinear,MAR_Block,spline,0.5,48,96,0.848385,2.025445,0.614797,0.768051,12051,1695,144,0.392451,50,success,18.67
DLinear,MAR_Block,spline,0.7,48,96,1.017779,3.950994,0.823381,2.549506,12051,1695,144,0.497023,50,success,20.31
DLinear,MNAR,spline,0.1,48,96,1.528088,3.110515,0.552527,0.573666,12051,1695,144,0.429206,50,success,17.23
DLinear,MNAR,spline,0.3,48,96,1.294506,2.440738,0.636348,0.717299,12051,1695,144,0.561457,38,success,23.32
DLinear,MNAR,spline,0.5,48,96,1.096401,1.819954,0.729707,0.995676,12051,1695,144,0.670975,10,success,12.4
DLinear,MNAR,spline,0.7,48,96,0.92657,1.404857,0.743224,1.039873,12051,1695,144,0.672478,9,success,12.21
DLinear,MCAR,spline,0.1,96,96,0.618437,0.692174,0.519426,0.54578,12003,1647,142,0.423954,50,success,23.01
DLinear,MCAR,spline,0.3,96,96,0.622608,0.704473,0.537926,0.566582,12003,1647,142,0.425898,50,success,17.49
DLinear,MCAR,spline,0.5,96,96,0.633583,0.752348,0.580388,0.645375,12003,1647,142,0.443636,50,success,24.92
DLinear,MCAR,spline,0.7,96,96,0.668198,0.92754,0.638669,0.777201,12003,1647,142,0.467852,50,success,32.67
DLinear,MAR_Block,spline,0.1,96,96,0.861663,1.861352,0.537138,0.579997,12003,1647,142,0.421594,50,success,27.73
DLinear,MAR_Block,spline,0.3,96,96,0.883997,1.938992,0.595719,0.723969,12003,1647,142,0.419469,50,success,28.11
DLinear,MAR_Block,spline,0.5,96,96,0.848385,2.025445,0.621783,0.776332,12003,1647,142,0.420975,50,success,29.07
DLinear,MAR_Block,spline,0.7,96,96,1.017779,3.950994,0.825038,2.492901,12003,1647,142,0.529006,50,success,28.0
DLinear,MNAR,spline,0.1,96,96,1.528088,3.110515,0.562969,0.594941,12003,1647,142,0.440533,50,success,28.08
DLinear,MNAR,spline,0.3,96,96,1.294506,2.440738,0.642491,0.724298,12003,1647,142,0.548825,40,success,28.55
DLinear,MNAR,spline,0.5,96,96,1.096401,1.819954,0.720401,0.985922,12003,1647,142,0.635734,9,success,12.96
DLinear,MNAR,spline,0.7,96,96,0.92657,1.404857,0.754549,1.057825,12003,1647,142,0.696016,9,success,14.06
DLinear,MCAR,spline,0.1,192,96,0.618437,0.692174,0.544239,0.578365,11907,1551,138,0.461634,50,success,29.71
DLinear,MCAR,spline,0.3,192,96,0.622608,0.704473,0.560731,0.607087,11907,1551,138,0.457929,50,success,34.68
DLinear,MCAR,spline,0.5,192,96,0.633583,0.752348,0.591134,0.66152,11907,1551,138,0.459611,50,success,31.67
DLinear,MCAR,spline,0.7,192,96,0.668198,0.92754,0.641938,0.783175,11907,1551,138,0.47087,50,success,32.11
DLinear,MAR_Block,spline,0.1,192,96,0.861663,1.861352,0.558914,0.611481,11907,1551,138,0.455516,50,success,33.35
DLinear,MAR_Block,spline,0.3,192,96,0.883997,1.938992,0.60625,0.733511,11907,1551,138,0.456953,50,success,33.01
DLinear,MAR_Block,spline,0.5,192,96,0.848385,2.025445,0.62865,0.782516,11907,1551,138,0.455435,50,success,32.32
DLinear,MAR_Block,spline,0.7,192,96,1.017779,3.950994,0.831459,2.453121,11907,1551,138,0.566915,50,success,31.86
DLinear,MNAR,spline,0.1,192,96,1.528088,3.110515,0.580435,0.620117,11907,1551,138,0.453497,50,success,31.75
DLinear,MNAR,spline,0.3,192,96,1.294506,2.440738,0.65373,0.736802,11907,1551,138,0.534273,40,success,30.52
DLinear,MNAR,spline,0.5,192,96,1.096401,1.819954,0.734112,1.00266,11907,1551,138,0.648508,10,success,16.66
DLinear,MNAR,spline,0.7,192,96,0.92657,1.404857,0.746551,1.044498,11907,1551,138,0.672753,8,success,15.35
DLinear,MCAR,knn,0.1,24,96,0.664451,0.934672,0.486639,0.4749,12075,1719,145,0.384729,50,success,25.27
DLinear,MCAR,knn,0.3,24,96,0.924106,1.544032,0.532689,0.540982,12075,1719,145,0.454677,50,success,26.09
DLinear,MCAR,knn,0.5,24,96,0.876157,1.383842,0.569961,0.601601,12075,1719,145,0.490765,50,success,26.7
DLinear,MCAR,knn,0.7,24,96,0.864102,1.348832,0.613137,0.689771,12075,1719,145,0.595139,50,success,27.47
DLinear,MAR_Block,knn,0.1,24,96,0.842343,1.241556,0.496396,0.495704,12075,1719,145,0.381555,50,success,26.01
DLinear,MAR_Block,knn,0.3,24,96,0.831967,1.204214,0.5324,0.569555,12075,1719,145,0.419056,50,success,30.27
DLinear,MAR_Block,knn,0.5,24,96,0.848096,1.21172,0.589707,0.677317,12075,1719,145,0.456631,50,success,25.34
DLinear,MAR_Block,knn,0.7,24,96,0.839057,1.203357,0.652397,0.800632,12075,1719,145,0.55427,50,success,28.39
DLinear,MNAR,knn,0.1,24,96,1.461509,3.735351,0.53616,0.534467,12075,1719,145,0.450215,50,success,28.99
DLinear,MNAR,knn,0.3,24,96,1.410519,3.051362,0.649406,0.733183,12075,1719,145,0.582935,50,success,30.54
DLinear,MNAR,knn,0.5,24,96,1.208853,2.238325,0.700279,0.89945,12075,1719,145,0.659111,38,success,21.95
DLinear,MNAR,knn,0.7,24,96,1.02604,1.694544,0.74657,1.033202,12075,1719,145,0.739945,48,success,20.75
DLinear,MCAR,knn,0.1,48,96,0.664451,0.934672,0.503056,0.506014,12051,1695,144,0.416099,50,success,19.47
DLinear,MCAR,knn,0.3,48,96,0.924106,1.544032,0.552273,0.579064,12051,1695,144,0.481009,50,success,33.46
DLinear,MCAR,knn,0.5,48,96,0.876157,1.383842,0.584138,0.638707,12051,1695,144,0.511315,50,success,29.7
DLinear,MCAR,knn,0.7,48,96,0.864102,1.348832,0.619437,0.701214,12051,1695,144,0.606553,50,success,28.83
DLinear,MAR_Block,knn,0.1,48,96,0.842343,1.241556,0.508932,0.524637,12051,1695,144,0.407546,50,success,30.6
DLinear,MAR_Block,knn,0.3,48,96,0.831967,1.204214,0.55795,0.610107,12051,1695,144,0.452775,50,success,29.15
DLinear,MAR_Block,knn,0.5,48,96,0.848096,1.21172,0.597278,0.682254,12051,1695,144,0.483136,50,success,26.41
DLinear,MAR_Block,knn,0.7,48,96,0.839057,1.203357,0.656466,0.809201,12051,1695,144,0.568586,50,success,26.0
DLinear,MNAR,knn,0.1,48,96,1.461509,3.735351,0.54994,0.566836,12051,1695,144,0.457429,50,success,26.76
DLinear,MNAR,knn,0.3,48,96,1.410519,3.051362,0.649371,0.737416,12051,1695,144,0.576566,50,success,28.81
DLinear,MNAR,knn,0.5,48,96,1.208853,2.238325,0.700132,0.888718,12051,1695,144,0.656329,50,success,29.27
DLinear,MNAR,knn,0.7,48,96,1.02604,1.694544,0.7514,1.039105,12051,1695,144,0.734677,49,success,28.52
DLinear,MCAR,knn,0.1,96,96,0.664451,0.934672,0.532968,0.551392,12003,1647,142,0.45508,50,success,32.17
DLinear,MCAR,knn,0.3,96,96,0.924106,1.544032,0.570047,0.610542,12003,1647,142,0.50907,50,success,31.4
DLinear,MCAR,knn,0.5,96,96,0.876157,1.383842,0.596613,0.662143,12003,1647,142,0.53265,50,success,31.56
DLinear,MCAR,knn,0.7,96,96,0.864102,1.348832,0.636229,0.731922,12003,1647,142,0.626121,50,success,30.91
DLinear,MAR_Block,knn,0.1,96,96,0.842343,1.241556,0.531175,0.558876,12003,1647,142,0.44481,50,success,31.24
DLinear,MAR_Block,knn,0.3,96,96,0.831967,1.204214,0.569606,0.636021,12003,1647,142,0.492211,50,success,31.1
DLinear,MAR_Block,knn,0.5,96,96,0.848096,1.21172,0.611921,0.709717,12003,1647,142,0.524892,50,success,32.32
DLinear,MAR_Block,knn,0.7,96,96,0.839057,1.203357,0.66293,0.826119,12003,1647,142,0.60322,50,success,33.84
DLinear,MNAR,knn,0.1,96,96,1.461509,3.735351,0.56367,0.590911,12003,1647,142,0.465208,50,success,30.37
DLinear,MNAR,knn,0.3,96,96,1.410519,3.051362,0.655804,0.748188,12003,1647,142,0.561274,50,success,30.06
DLinear,MNAR,knn,0.5,96,96,1.208853,2.238325,0.705614,0.897137,12003,1647,142,0.641667,50,success,29.52
DLinear,MNAR,knn,0.7,96,96,1.02604,1.694544,0.755177,1.042457,12003,1647,142,0.721606,50,success,30.05
DLinear,MCAR,knn,0.1,192,96,0.664451,0.934672,0.555434,0.589905,11907,1551,138,0.490927,50,success,32.48
DLinear,MCAR,knn,0.3,192,96,0.924106,1.544032,0.591815,0.648338,11907,1551,138,0.541389,50,success,33.69
DLinear,MCAR,knn,0.5,192,96,0.876157,1.383842,0.614773,0.691164,11907,1551,138,0.558734,50,success,33.33
DLinear,MCAR,knn,0.7,192,96,0.864102,1.348832,0.652388,0.757499,11907,1551,138,0.641664,50,success,27.23
DLinear,MAR_Block,knn,0.1,192,96,0.842343,1.241556,0.556586,0.596901,11907,1551,138,0.481698,50,success,21.02
DLinear,MAR_Block,knn,0.3,192,96,0.831967,1.204214,0.587233,0.657312,11907,1551,138,0.5347,50,success,32.1
DLinear,MAR_Block,knn,0.5,192,96,0.848096,1.21172,0.623699,0.730187,11907,1551,138,0.558284,50,success,33.95
DLinear,MAR_Block,knn,0.7,192,96,0.839057,1.203357,0.673573,0.842699,11907,1551,138,0.641156,50,success,32.14
DLinear,MNAR,knn,0.1,192,96,1.461509,3.735351,0.582869,0.62015,11907,1551,138,0.471945,50,success,34.67
DLinear,MNAR,knn,0.3,192,96,1.410519,3.051362,0.669058,0.77101,11907,1551,138,0.545847,50,success,34.98
DLinear,MNAR,knn,0.5,192,96,1.208853,2.238325,0.717838,0.927255,11907,1551,138,0.614551,50,success,32.48
DLinear,MNAR,knn,0.7,192,96,1.02604,1.694544,0.759642,1.04975,11907,1551,138,0.693714,50,success,31.47
DLinear,MCAR,brits,0.1,24,96,0.63065,0.732177,0.471498,0.45488,12075,1719,145,0.365067,50,success,26.04
DLinear,MCAR,brits,0.3,24,96,0.674695,0.869835,0.500702,0.492213,12075,1719,145,0.384878,50,success,28.02
DLinear,MCAR,brits,0.5,24,96,0.688617,0.922757,0.549812,0.568861,12075,1719,145,0.434351,50,success,27.8
DLinear,MCAR,brits,0.7,24,96,0.720706,0.988019,0.576351,0.629012,12075,1719,145,0.46777,50,success,31.56
DLinear,MAR_Block,brits,0.1,24,96,0.772919,1.119245,0.494158,0.489625,12075,1719,145,0.37442,50,success,28.35
DLinear,MAR_Block,brits,0.3,24,96,0.776287,1.115017,0.5266,0.568079,12075,1719,145,0.400198,50,success,28.78
DLinear,MAR_Block,brits,0.5,24,96,0.78417,1.091697,0.568543,0.635669,12075,1719,145,0.42578,50,success,29.9
DLinear,MAR_Block,brits,0.7,24,96,0.814877,1.152459,0.639766,0.778766,12075,1719,145,0.483957,50,success,30.14
DLinear,MNAR,brits,0.1,24,96,1.527738,3.218934,0.534314,0.538367,12075,1719,145,0.419973,50,success,29.88
DLinear,MNAR,brits,0.3,24,96,1.362655,2.648873,0.622411,0.687598,12075,1719,145,0.536724,41,success,28.8
DLinear,MNAR,brits,0.5,24,96,1.152487,1.905887,0.726673,0.975118,12075,1719,145,0.655112,11,success,15.4
DLinear,MNAR,brits,0.7,24,96,0.961725,1.499277,0.714863,0.989126,12075,1719,145,0.638235,17,success,21.39
DLinear,MCAR,brits,0.1,48,96,0.63065,0.732177,0.49808,0.497754,12051,1695,144,0.397326,50,success,32.22
DLinear,MCAR,brits,0.3,48,96,0.674695,0.869835,0.517451,0.53665,12051,1695,144,0.411085,50,success,28.27
DLinear,MCAR,brits,0.5,48,96,0.688617,0.922757,0.554496,0.587567,12051,1695,144,0.445101,50,success,28.81
DLinear,MCAR,brits,0.7,48,96,0.720706,0.988019,0.580104,0.633536,12051,1695,144,0.476172,50,success,26.8
DLinear,MAR_Block,brits,0.1,48,96,0.772919,1.119245,0.507265,0.520712,12051,1695,144,0.401612,50,success,28.01
DLinear,MAR_Block,brits,0.3,48,96,0.776287,1.115017,0.544076,0.593684,12051,1695,144,0.426029,50,success,26.36
DLinear,MAR_Block,brits,0.5,48,96,0.78417,1.091697,0.578922,0.66373,12051,1695,144,0.451213,50,success,29.88
DLinear,MAR_Block,brits,0.7,48,96,0.814877,1.152459,0.648938,0.799662,12051,1695,144,0.49295,50,success,30.98
DLinear,MNAR,brits,0.1,48,96,1.527738,3.218934,0.537574,0.547279,12051,1695,144,0.426568,50,success,30.73
DLinear,MNAR,brits,0.3,48,96,1.362655,2.648873,0.622106,0.686407,12051,1695,144,0.530351,42,success,25.9
DLinear,MNAR,brits,0.5,48,96,1.152487,1.905887,0.719204,0.961214,12051,1695,144,0.644391,11,success,10.46
DLinear,MNAR,brits,0.7,48,96,0.961725,1.499277,0.719058,0.993213,12051,1695,144,0.628289,16,success,12.31
DLinear,MCAR,brits,0.1,96,96,0.63065,0.732177,0.521582,0.536379,12003,1647,142,0.429423,50,success,19.77
DLinear,MCAR,brits,0.3,96,96,0.674695,0.869835,0.540855,0.566627,12003,1647,142,0.435877,50,success,29.73
DLinear,MCAR,brits,0.5,96,96,0.688617,0.922757,0.564353,0.605153,12003,1647,142,0.457556,50,success,27.16
DLinear,MCAR,brits,0.7,96,96,0.720706,0.988019,0.591783,0.659417,12003,1647,142,0.482531,50,success,27.75
DLinear,MAR_Block,brits,0.1,96,96,0.772919,1.119245,0.526501,0.552106,12003,1647,142,0.436654,50,success,29.56
DLinear,MAR_Block,brits,0.3,96,96,0.776287,1.115017,0.55799,0.618412,12003,1647,142,0.467309,50,success,29.58
DLinear,MAR_Block,brits,0.5,96,96,0.78417,1.091697,0.593789,0.684703,12003,1647,142,0.485352,50,success,29.16
DLinear,MAR_Block,brits,0.7,96,96,0.814877,1.152459,0.653678,0.809824,12003,1647,142,0.519495,50,success,27.82
DLinear,MNAR,brits,0.1,96,96,1.527738,3.218934,0.562502,0.589087,12003,1647,142,0.441922,50,success,28.69
DLinear,MNAR,brits,0.3,96,96,1.362655,2.648873,0.629336,0.696933,12003,1647,142,0.522984,47,success,28.89
DLinear,MNAR,brits,0.5,96,96,1.152487,1.905887,0.729158,0.984978,12003,1647,142,0.644244,11,success,15.95
DLinear,MNAR,brits,0.7,96,96,0.961725,1.499277,0.72023,0.994608,12003,1647,142,0.622227,17,success,18.22
DLinear,MCAR,brits,0.1,192,96,0.63065,0.732177,0.546357,0.576549,11907,1551,138,0.465949,50,success,30.13
DLinear,MCAR,brits,0.3,192,96,0.674695,0.869835,0.563736,0.605718,11907,1551,138,0.462596,50,success,33.3
DLinear,MCAR,brits,0.5,192,96,0.688617,0.922757,0.58538,0.64322,11907,1551,138,0.474932,50,success,34.66
DLinear,MCAR,brits,0.7,192,96,0.720706,0.988019,0.601527,0.674897,11907,1551,138,0.488735,50,success,29.82
DLinear,MAR_Block,brits,0.1,192,96,0.772919,1.119245,0.550583,0.590297,11907,1551,138,0.472434,50,success,30.69
DLinear,MAR_Block,brits,0.3,192,96,0.776287,1.115017,0.578927,0.645906,11907,1551,138,0.509371,50,success,32.89
DLinear,MAR_Block,brits,0.5,192,96,0.78417,1.091697,0.604901,0.701741,11907,1551,138,0.517857,50,success,31.66
DLinear,MAR_Block,brits,0.7,192,96,0.814877,1.152459,0.663854,0.825331,11907,1551,138,0.545995,50,success,31.91
DLinear,MNAR,brits,0.1,192,96,1.527738,3.218934,0.581005,0.617246,11907,1551,138,0.459145,50,success,31.17
DLinear,MNAR,brits,0.3,192,96,1.362655,2.648873,0.642584,0.717218,11907,1551,138,0.517479,44,success,33.43
DLinear,MNAR,brits,0.5,192,96,1.152487,1.905887,0.732855,0.988005,11907,1551,138,0.640089,11,success,16.95
DLinear,MNAR,brits,0.7,192,96,0.961725,1.499277,0.721484,0.999696,11907,1551,138,0.60952,17,success,19.69
DLinear,MCAR,saits,0.1,24,96,0.296506,0.206735,0.474659,0.459336,12075,1719,145,0.354008,50,success,26.28
DLinear,MCAR,saits,0.3,24,96,0.34822,0.325365,0.487031,0.477062,12075,1719,145,0.364246,50,success,25.29
DLinear,MCAR,saits,0.5,24,96,0.43355,0.486335,0.514303,0.519938,12075,1719,145,0.397031,50,success,25.12
DLinear,MCAR,saits,0.7,24,96,0.506246,0.660004,0.534927,0.579572,12075,1719,145,0.449323,50,success,27.8
DLinear,MAR_Block,saits,0.1,24,96,0.639516,0.988809,0.482535,0.482707,12075,1719,145,0.359458,50,success,27.01
DLinear,MAR_Block,saits,0.3,24,96,0.666383,1.005295,0.519028,0.560168,12075,1719,145,0.370078,50,success,28.13
DLinear,MAR_Block,saits,0.5,24,96,0.655214,0.934164,0.539324,0.607591,12075,1719,145,0.382241,50,success,28.8
DLinear,MAR_Block,saits,0.7,24,96,0.660436,0.953311,0.585194,0.720481,12075,1719,145,0.43372,50,success,28.59
DLinear,MNAR,saits,0.1,24,96,1.265411,2.729762,0.522053,0.524622,12075,1719,145,0.408578,50,success,27.68
DLinear,MNAR,saits,0.3,24,96,1.135326,2.171948,0.620984,0.669872,12075,1719,145,0.558063,50,success,29.05
DLinear,MNAR,saits,0.5,24,96,1.049627,1.779208,0.725785,1.002285,12075,1719,145,0.705444,8,success,13.84
DLinear,MNAR,saits,0.7,24,96,0.916193,1.389644,0.740222,1.030282,12075,1719,145,0.699994,9,success,14.28
DLinear,MCAR,saits,0.1,48,96,0.296506,0.206735,0.489628,0.48919,12051,1695,144,0.384448,50,success,33.65
DLinear,MCAR,saits,0.3,48,96,0.34822,0.325365,0.497267,0.501422,12051,1695,144,0.389807,50,success,27.39
DLinear,MCAR,saits,0.5,48,96,0.43355,0.486335,0.527744,0.548964,12051,1695,144,0.415939,50,success,23.45
DLinear,MCAR,saits,0.7,48,96,0.506246,0.660004,0.547075,0.588293,12051,1695,144,0.460634,50,success,18.82
DLinear,MAR_Block,saits,0.1,48,96,0.639516,0.988809,0.503101,0.522477,12051,1695,144,0.390105,50,success,30.11
DLinear,MAR_Block,saits,0.3,48,96,0.666383,1.005295,0.529107,0.582401,12051,1695,144,0.393831,50,success,32.88
DLinear,MAR_Block,saits,0.5,48,96,0.655214,0.934164,0.553736,0.633549,12051,1695,144,0.40193,50,success,28.78
DLinear,MAR_Block,saits,0.7,48,96,0.660436,0.953311,0.59109,0.726681,12051,1695,144,0.444161,50,success,28.38
DLinear,MNAR,saits,0.1,48,96,1.265411,2.729762,0.536679,0.549222,12051,1695,144,0.422899,50,success,29.67
DLinear,MNAR,saits,0.3,48,96,1.135326,2.171948,0.619473,0.666339,12051,1695,144,0.551771,46,success,34.36
DLinear,MNAR,saits,0.5,48,96,1.049627,1.779208,0.72111,0.996685,12051,1695,144,0.675994,9,success,15.28
DLinear,MNAR,saits,0.7,48,96,0.916193,1.389644,0.738381,1.03334,12051,1695,144,0.70203,8,success,13.01
DLinear,MCAR,saits,0.1,96,96,0.296506,0.206735,0.515173,0.530376,12003,1647,142,0.418152,50,success,27.8
DLinear,MCAR,saits,0.3,96,96,0.34822,0.325365,0.517841,0.535791,12003,1647,142,0.417723,50,success,26.63
DLinear,MCAR,saits,0.5,96,96,0.43355,0.486335,0.541169,0.572186,12003,1647,142,0.434701,50,success,28.61
DLinear,MCAR,saits,0.7,96,96,0.506246,0.660004,0.559556,0.610655,12003,1647,142,0.471071,50,success,27.97
DLinear,MAR_Block,saits,0.1,96,96,0.639516,0.988809,0.522032,0.551534,12003,1647,142,0.42611,50,success,26.35
DLinear,MAR_Block,saits,0.3,96,96,0.666383,1.005295,0.542122,0.605937,12003,1647,142,0.43043,50,success,28.06
DLinear,MAR_Block,saits,0.5,96,96,0.655214,0.934164,0.572758,0.668562,12003,1647,142,0.436056,50,success,29.27
DLinear,MAR_Block,saits,0.7,96,96,0.660436,0.953311,0.60561,0.758135,12003,1647,142,0.475173,50,success,29.48
DLinear,MNAR,saits,0.1,96,96,1.265411,2.729762,0.551468,0.571908,12003,1647,142,0.437776,50,success,29.24
DLinear,MNAR,saits,0.3,96,96,1.135326,2.171948,0.62981,0.682791,12003,1647,142,0.537315,50,success,26.27
DLinear,MNAR,saits,0.5,96,96,1.049627,1.779208,0.723437,1.000012,12003,1647,142,0.671414,8,success,14.78
DLinear,MNAR,saits,0.7,96,96,0.916193,1.389644,0.741211,1.039862,12003,1647,142,0.705012,9,success,14.28
DLinear,MCAR,saits,0.1,192,96,0.296506,0.206735,0.536218,0.564053,11907,1551,138,0.455586,50,success,31.65
DLinear,MCAR,saits,0.3,192,96,0.34822,0.325365,0.540576,0.570279,11907,1551,138,0.448125,50,success,30.51
DLinear,MCAR,saits,0.5,192,96,0.43355,0.486335,0.56678,0.614594,11907,1551,138,0.457778,50,success,33.05
DLinear,MCAR,saits,0.7,192,96,0.506246,0.660004,0.579328,0.646562,11907,1551,138,0.482482,50,success,32.34
DLinear,MAR_Block,saits,0.1,192,96,0.639516,0.988809,0.547562,0.590543,11907,1551,138,0.465923,50,success,31.92
DLinear,MAR_Block,saits,0.3,192,96,0.666383,1.005295,0.564991,0.634809,11907,1551,138,0.472476,50,success,26.66
DLinear,MAR_Block,saits,0.5,192,96,0.655214,0.934164,0.5862,0.684976,11907,1551,138,0.472751,50,success,24.14
DLinear,MAR_Block,saits,0.7,192,96,0.660436,0.953311,0.617775,0.775578,11907,1551,138,0.498192,50,success,26.2
DLinear,MNAR,saits,0.1,192,96,1.265411,2.729762,0.572284,0.604692,11907,1551,138,0.448065,50,success,33.5
DLinear,MNAR,saits,0.3,192,96,1.135326,2.171948,0.644425,0.707881,11907,1551,138,0.524908,50,success,32.04
DLinear,MNAR,saits,0.5,192,96,1.049627,1.779208,0.735602,1.016166,11907,1551,138,0.67371,9,success,14.61
DLinear,MNAR,saits,0.7,192,96,0.916193,1.389644,0.742814,1.045426,11907,1551,138,0.688906,8,success,10.04
